name	sequence_original	sequence
cof_HEK3_1_1_1	GACAACCTGCTATCATAT	TTTCCTCTGCCATCAATATGATAGCAGGTTGTCCGTGCTCAGTCTG
cof_HEK3_1_1_2	GGCCCTCTGCATGCATCC	TTTCCTCTGCCATCAGGATGCATGCAGAGGGCCCGTGCTCAGTCTG
cof_HEK3_1_1_3	CTTCTGCCCCCGTCTGCC	TTTCCTCTGCCATCAGGCAGACGGGGGCAGAAGCGTGCTCAGTCTG
cof_HEK3_1_1_4	CCTTCTGTCTCGTCTCTG	TTTCCTCTGCCATCACAGAGACGAGACAGAAGGCGTGCTCAGTCTG
cof_HEK3_1_1_5	GCTGCCATCAACCCCCCC	TTTCCTCTGCCATCAGGGGGGGTTGATGGCAGCCGTGCTCAGTCTG
cof_HEK3_1_1_6	TCTGAGTTCCTCTGCCCG	TTTCCTCTGCCATCACGGGCAGAGGAACTCAGACGTGCTCAGTCTG
cof_HEK3_1_1_7	CACCTCTGTGATCCAAGC	TTTCCTCTGCCATCAGCTTGGATCACAGAGGTGCGTGCTCAGTCTG
cof_HEK3_1_1_8	CCTCTGCACAGAAAAAAC	TTTCCTCTGCCATCAGTTTTTTCTGTGCAGAGGCGTGCTCAGTCTG
cof_HEK3_1_1_9	CCCACTCTGCCGTCGAGG	TTTCCTCTGCCATCACCTCGACGGCAGAGTGGGCGTGCTCAGTCTG
cof_HEK3_1_1_10	AAGTCTTGTGCTATCGTG	TTTCCTCTGCCATCACACGATAGCACAAGACTTCGTGCTCAGTCTG
cof_HEK3_1_1_11	ACACCTCTGCACACAACC	TTTCCTCTGCCATCAGGTTGTGTGCAGAGGTGTCGTGCTCAGTCTG
cof_HEK3_1_1_12	CCTCTGTCGCTCCGGTCA	TTTCCTCTGCCATCATGACCGGAGCGACAGAGGCGTGCTCAGTCTG
cof_HEK3_1_1_13	CTCCCCCTCGGCCTCATA	TTTCCTCTGCCATCATATGAGGCCGAGGGGGAGCGTGCTCAGTCTG
cof_HEK3_1_1_14	GCCTCTGCTTCATCGTAT	TTTCCTCTGCCATCAATACGATGAAGCAGAGGCCGTGCTCAGTCTG
cof_HEK3_1_1_15	AGTCCTCTTGTCATATCC	TTTCCTCTGCCATCAGGATATGACAAGAGGACTCGTGCTCAGTCTG
cof_HEK3_1_1_16	GCCTCCTCTGCACAGCTT	TTTCCTCTGCCATCAAAGCTGTGCAGAGGAGGCCGTGCTCAGTCTG
cof_HEK3_1_1_17	TCCTCTGCTACTGTTGGT	TTTCCTCTGCCATCAACCAACAGTAGCAGAGGACGTGCTCAGTCTG
cof_HEK3_1_1_18	TCGTCTGCCGCTTTACTA	TTTCCTCTGCCATCATAGTAAAGCGGCAGACGACGTGCTCAGTCTG
cof_HEK3_1_1_19	CCCTAGCCATCCTTTTTG	TTTCCTCTGCCATCACAAAAAGGATGGCTAGGGCGTGCTCAGTCTG
cof_HEK3_1_1_20	TCTCCCGATTCCTTTGCA	TTTCCTCTGCCATCATGCAAAGGAATCGGGAGACGTGCTCAGTCTG
cof_HEK3_1_1_21	AACTTCCTCTCCCACTAC	TTTCCTCTGCCATCAGTAGTGGGAGAGGAAGTTCGTGCTCAGTCTG
cof_HEK3_1_1_22	GCCTTGCCGTCATCCCGG	TTTCCTCTGCCATCACCGGGATGACGGCAAGGCCGTGCTCAGTCTG
cof_HEK3_1_1_23	CTGCCGTCGCTCTATTGG	TTTCCTCTGCCATCACCAATAGAGCGACGGCAGCGTGCTCAGTCTG
cof_HEK3_1_1_24	CCGCTGCCAAATACACAA	TTTCCTCTGCCATCATTGTGTATTTGGCAGCGGCGTGCTCAGTCTG
cof_HEK3_1_1_25	TAAACCCTCGTTGCTATC	TTTCCTCTGCCATCAGATAGCAACGAGGGTTTACGTGCTCAGTCTG
cof_HEK3_1_1_26	GATGATCCCTCTGCTGGC	TTTCCTCTGCCATCAGCCAGCAGAGGGATCATCCGTGCTCAGTCTG
cof_HEK3_1_1_27	GCACTGTCTTCTGCCACC	TTTCCTCTGCCATCAGGTGGCAGAAGACAGTGCCGTGCTCAGTCTG
cof_HEK3_1_1_28	AGCTTTGCCATACTCTTA	TTTCCTCTGCCATCATAAGAGTATGGCAAAGCTCGTGCTCAGTCTG
cof_HEK3_1_1_29	TTCCTCTCCGTTGGGTAT	TTTCCTCTGCCATCAATACCCAACGGAGAGGAACGTGCTCAGTCTG
cof_HEK3_1_1_30	ACAGCACGCTCTCTGCCG	TTTCCTCTGCCATCACGGCAGAGAGCGTGCTGTCGTGCTCAGTCTG
cof_HEK3_1_1_31	CGAAGTCTGCCATCCATC	TTTCCTCTGCCATCAGATGGATGGCAGACTTCGCGTGCTCAGTCTG
cof_HEK3_1_1_32	TACTCCTGCTATCAAGTA	TTTCCTCTGCCATCATACTTGATAGCAGGAGTACGTGCTCAGTCTG
cof_HEK3_1_1_33	GACTCCTTTGCGGCATCC	TTTCCTCTGCCATCAGGATGCCGCAAAGGAGTCCGTGCTCAGTCTG
cof_HEK3_1_1_34	ACCCTGCCAACGTCTAAT	TTTCCTCTGCCATCAATTAGACGTTGGCAGGGTCGTGCTCAGTCTG
cof_HEK3_1_1_35	CACTCTCACTCTGCTATG	TTTCCTCTGCCATCACATAGCAGAGTGAGAGTGCGTGCTCAGTCTG
cof_HEK3_1_1_36	TAACCACCTCGTGCCACC	TTTCCTCTGCCATCAGGTGGCACGAGGTGGTTACGTGCTCAGTCTG
cof_HEK3_1_1_37	TTGCTTCCCTGCCGTCGT	TTTCCTCTGCCATCAACGACGGCAGGGAAGCAACGTGCTCAGTCTG
cof_HEK3_1_1_38	CCCGTGCCGTTAGACAGT	TTTCCTCTGCCATCAACTGTCTAACGGCACGGGCGTGCTCAGTCTG
cof_HEK3_1_1_39	GTGCTTGCCGTCATTCTC	TTTCCTCTGCCATCAGAGAATGACGGCAAGCACCGTGCTCAGTCTG
cof_HEK3_1_1_40	GTCGTCTGCTCTCTTAAC	TTTCCTCTGCCATCAGTTAAGAGAGCAGACGACCGTGCTCAGTCTG
cof_HEK3_1_1_41	GTATATCTCTGGCATCCA	TTTCCTCTGCCATCATGGATGCCAGAGATATACCGTGCTCAGTCTG
cof_HEK3_1_1_42	GTCCTTCGTTGTGCCGTC	TTTCCTCTGCCATCAGACGGCACAACGAAGGACCGTGCTCAGTCTG
cof_HEK3_1_1_43	ACCCTGGCCTCTGTCTTC	TTTCCTCTGCCATCAGAAGACAGAGGCCAGGGTCGTGCTCAGTCTG
cof_HEK3_1_1_44	GTCTTCTGCCGCTCACTG	TTTCCTCTGCCATCACAGTGAGCGGCAGAAGACCGTGCTCAGTCTG
cof_HEK3_1_1_45	GCCTCGCCTATCATGAAT	TTTCCTCTGCCATCAATTCATGATAGGCGAGGCCGTGCTCAGTCTG
cof_HEK3_1_1_46	CCCTTATCCGCTGCCACC	TTTCCTCTGCCATCAGGTGGCAGCGGATAAGGGCGTGCTCAGTCTG
cof_HEK3_1_1_47	ATTTCCTTGCTATGTTAC	TTTCCTCTGCCATCAGTAACATAGCAAGGAAATCGTGCTCAGTCTG
cof_HEK3_1_1_48	ATTCTCATGTCGTCAGGT	TTTCCTCTGCCATCAACCTGACGACATGAGAATCGTGCTCAGTCTG
cof_HEK3_1_1_49	TCACCGCTGCCCTCTCTA	TTTCCTCTGCCATCATAGAGAGGGCAGCGGTGACGTGCTCAGTCTG
cof_HEK3_1_2_1	ACGCTCTGCTTATTTACG	TTTCCTCTGCCATCACGTAAATAAGCAGAGCGTCGTGCTCAGTCTG
cof_HEK3_1_2_2	TCTCTGACCTCGTATAAG	TTTCCTCTGCCATCACTTATACGAGGTCAGAGACGTGCTCAGTCTG
cof_HEK3_1_2_3	TCTCCAGCCGTCTCGACG	TTTCCTCTGCCATCACGTCGAGACGGCTGGAGACGTGCTCAGTCTG
cof_HEK3_1_2_4	GCCTCCTTGTCTGCTAGA	TTTCCTCTGCCATCATCTAGCAGACAAGGAGGCCGTGCTCAGTCTG
cof_HEK3_1_2_5	CAAACCCCTTGCCTCATA	TTTCCTCTGCCATCATATGAGGCAAGGGGTTTGCGTGCTCAGTCTG
cof_HEK3_1_2_6	GCCTCGATCTCTTTGCCC	TTTCCTCTGCCATCAGGGCAAAGAGATCGAGGCCGTGCTCAGTCTG
cof_HEK3_1_2_7	TCACCTATTCCTCGCTCG	TTTCCTCTGCCATCACGAGCGAGGAATAGGTGACGTGCTCAGTCTG
cof_HEK3_1_2_8	CCTTGCTGTCTTGGAAAA	TTTCCTCTGCCATCATTTTCCAAGACAGCAAGGCGTGCTCAGTCTG
cof_HEK3_1_2_9	GCTTCCTTACTCGCCGTT	TTTCCTCTGCCATCAAACGGCGAGTAAGGAAGCCGTGCTCAGTCTG
cof_HEK3_1_2_10	CAAGGTCTTCGGTCATTG	TTTCCTCTGCCATCACAATGACCGAAGACCTTGCGTGCTCAGTCTG
cof_HEK3_1_2_11	TCCTCAAAGCCTAGAAAA	TTTCCTCTGCCATCATTTTCTAGGCTTTGAGGACGTGCTCAGTCTG
cof_HEK3_1_2_12	TATACTCCTCTCCGCCTG	TTTCCTCTGCCATCACAGGCGGAGAGGAGTATACGTGCTCAGTCTG
cof_HEK3_1_2_13	GAAACTACTGTGCCTTCA	TTTCCTCTGCCATCATGAAGGCACAGTAGTTTCCGTGCTCAGTCTG
cof_HEK3_1_2_14	CCTCTGCAATAAGCCTCC	TTTCCTCTGCCATCAGGAGGCTTATTGCAGAGGCGTGCTCAGTCTG
cof_HEK3_1_2_15	GCCCTCTCCAGACAATCA	TTTCCTCTGCCATCATGATTGTCTGGAGAGGGCCGTGCTCAGTCTG
cof_HEK3_1_2_16	ACGGCCCTGCCATTGGTA	TTTCCTCTGCCATCATACCAATGGCAGGGCCGTCGTGCTCAGTCTG
cof_HEK3_1_2_17	AGATCACTCTCTTTGCCC	TTTCCTCTGCCATCAGGGCAAAGAGAGTGATCTCGTGCTCAGTCTG
cof_HEK3_1_2_18	GTCCTCGCGTCATATAAC	TTTCCTCTGCCATCAGTTATATGACGCGAGGACCGTGCTCAGTCTG
cof_HEK3_1_2_19	GCTTCCATACGTCATCAT	TTTCCTCTGCCATCAATGATGACGTATGGAAGCCGTGCTCAGTCTG
cof_HEK3_1_2_20	GTCCTTGTGTCTATCATA	TTTCCTCTGCCATCATATGATAGACACAAGGACCGTGCTCAGTCTG
cof_HEK3_1_2_21	TTTCTTCTACCATGACAC	TTTCCTCTGCCATCAGTGTCATGGTAGAAGAAACGTGCTCAGTCTG
cof_HEK3_1_2_22	GCGCATCTCCTCTGAATA	TTTCCTCTGCCATCATATTCAGAGGAGATGCGCCGTGCTCAGTCTG
cof_HEK3_1_2_23	ATCCTTGCCCTTAGACCT	TTTCCTCTGCCATCAAGGTCTAAGGGCAAGGATCGTGCTCAGTCTG
cof_HEK3_1_2_24	ACGCCGTCAAACAATCAG	TTTCCTCTGCCATCACTGATTGTTTGACGGCGTCGTGCTCAGTCTG
cof_HEK3_1_2_25	TTTCTGCCCGCTAAGTTA	TTTCCTCTGCCATCATAACTTAGCGGGCAGAAACGTGCTCAGTCTG
cof_HEK3_1_2_26	ACTCAGCTATCCACTAAT	TTTCCTCTGCCATCAATTAGTGGATAGCTGAGTCGTGCTCAGTCTG
cof_HEK3_1_2_27	CCTTCCGCCATAATCACG	TTTCCTCTGCCATCACGTGATTATGGCGGAAGGCGTGCTCAGTCTG
cof_HEK3_1_2_28	ATCTGTTTTACTGCCATA	TTTCCTCTGCCATCATATGGCAGTAAAACAGATCGTGCTCAGTCTG
cof_HEK3_1_2_29	TACTTTCTCAGCTGCCGC	TTTCCTCTGCCATCAGCGGCAGCTGAGAAAGTACGTGCTCAGTCTG
cof_HEK3_1_2_30	TTCACCTACTGTCCATTC	TTTCCTCTGCCATCAGAATGGACAGTAGGTGAACGTGCTCAGTCTG
cof_HEK3_1_2_31	CTGAAACCTACTGCCCAA	TTTCCTCTGCCATCATTGGGCAGTAGGTTTCAGCGTGCTCAGTCTG
cof_HEK3_1_2_32	CTGCTGCCCTTCTTGCCA	TTTCCTCTGCCATCATGGCAAGAAGGGCAGCAGCGTGCTCAGTCTG
cof_HEK3_1_2_33	GCTTCCGATGTTCCTCTG	TTTCCTCTGCCATCACAGAGGAACATCGGAAGCCGTGCTCAGTCTG
cof_HEK3_1_2_34	CTGCTATCACGGGCCGAG	TTTCCTCTGCCATCACTCGGCCCGTGATAGCAGCGTGCTCAGTCTG
cof_HEK3_1_2_35	TATTTCCTAGTTGCCCGG	TTTCCTCTGCCATCACCGGGCAACTAGGAAATACGTGCTCAGTCTG
cof_HEK3_1_2_36	AGATTCTGCCACCTAACT	TTTCCTCTGCCATCAAGTTAGGTGGCAGAATCTCGTGCTCAGTCTG
cof_HEK3_1_2_37	AACCTGTGGCGTCACATC	TTTCCTCTGCCATCAGATGTGACGCCACAGGTTCGTGCTCAGTCTG
cof_HEK3_1_2_38	ATGCCATCATTGTCCCGC	TTTCCTCTGCCATCAGCGGGACAATGATGGCATCGTGCTCAGTCTG
cof_HEK3_1_2_39	CGAGTTGCCGTCTTCTAT	TTTCCTCTGCCATCAATAGAAGACGGCAACTCGCGTGCTCAGTCTG
cof_HEK3_1_2_40	TCACATTTCACTCGGCCG	TTTCCTCTGCCATCACGGCCGAGTGAAATGTGACGTGCTCAGTCTG
cof_HEK3_1_3_1	TTTGTTCGTGCCACGTCC	TTTCCTCTGCCATCAGGACGTGGCACGAACAAACGTGCTCAGTCTG
cof_HEK3_1_3_2	GGACGAGCCTGCCGTGAT	TTTCCTCTGCCATCAATCACGGCAGGCTCGTCCCGTGCTCAGTCTG
cof_HEK3_1_3_3	GTTATCTAAGCTGCCGGA	TTTCCTCTGCCATCATCCGGCAGCTTAGATAACCGTGCTCAGTCTG
cof_HEK3_1_3_4	CAAATTCTGTGCTTTTCC	TTTCCTCTGCCATCAGGAAAAGCACAGAATTTGCGTGCTCAGTCTG
cof_HEK3_1_3_5	TACCTTGCCTTCGAGTAG	TTTCCTCTGCCATCACTACTCGAAGGCAAGGTACGTGCTCAGTCTG
cof_HEK3_1_3_6	CAGACCCCCGGCTGCCAG	TTTCCTCTGCCATCACTGGCAGCCGGGGGTCTGCGTGCTCAGTCTG
cof_HEK3_1_3_7	CTGGGTCCTCTTCTGTGC	TTTCCTCTGCCATCAGCACAGAAGAGGACCCAGCGTGCTCAGTCTG
cof_HEK3_1_3_8	CGTAGCCGTCAAGCCCGT	TTTCCTCTGCCATCAACGGGCTTGACGGCTACGCGTGCTCAGTCTG
cof_HEK3_1_3_9	GGCGAACCCTCTGAAAGA	TTTCCTCTGCCATCATCTTTCAGAGGGTTCGCCCGTGCTCAGTCTG
cof_HEK3_1_3_10	ACCCTGTCTCCCACCTAG	TTTCCTCTGCCATCACTAGGTGGGAGACAGGGTCGTGCTCAGTCTG
cof_HEK3_1_3_11	CTTGAACCCTTGCCTGAC	TTTCCTCTGCCATCAGTCAGGCAAGGGTTCAAGCGTGCTCAGTCTG
cof_HEK3_1_3_12	AGCTCTGCGCAGCCAACG	TTTCCTCTGCCATCACGTTGGCTGCGCAGAGCTCGTGCTCAGTCTG
cof_HEK3_1_3_13	TCCCCTGTAATTAAAAAG	TTTCCTCTGCCATCACTTTTTAATTACAGGGGACGTGCTCAGTCTG
cof_HEK3_1_3_14	CTTCTGTATATCCTTCAT	TTTCCTCTGCCATCAATGAAGGATATACAGAAGCGTGCTCAGTCTG
cof_HEK3_1_3_15	GTTCAGTGCCTATCGAAG	TTTCCTCTGCCATCACTTCGATAGGCACTGAACCGTGCTCAGTCTG
cof_HEK3_1_3_16	ACCTAGGATTTCTGCTGT	TTTCCTCTGCCATCAACAGCAGAAATCCTAGGTCGTGCTCAGTCTG
cof_HEK3_1_3_17	TAGCCTCGACTATAGTGT	TTTCCTCTGCCATCAACACTATAGTCGAGGCTACGTGCTCAGTCTG
cof_HEK3_1_3_18	GAAACCCATCCGCCACAG	TTTCCTCTGCCATCACTGTGGCGGATGGGTTTCCGTGCTCAGTCTG
cof_HEK3_1_3_19	TTAATACCTGCCACACAT	TTTCCTCTGCCATCAATGTGTGGCAGGTATTAACGTGCTCAGTCTG
cof_HEK3_1_3_20	CTCTGCTTGGCATCCAAC	TTTCCTCTGCCATCAGTTGGATGCCAAGCAGAGCGTGCTCAGTCTG
cof_HEK3_1_3_21	AGCCTCACTTGACATCGA	TTTCCTCTGCCATCATCGATGTCAAGTGAGGCTCGTGCTCAGTCTG
cof_HEK3_1_3_22	GTTACCTCGAACCATTCA	TTTCCTCTGCCATCATGAATGGTTCGAGGTAACCGTGCTCAGTCTG
cof_HEK3_1_3_23	GATCCTCACTGTGGTCCC	TTTCCTCTGCCATCAGGGACCACAGTGAGGATCCGTGCTCAGTCTG
cof_HEK3_1_3_24	TCCCTTGGCCCTCCAATG	TTTCCTCTGCCATCACATTGGAGGGCCAAGGGACGTGCTCAGTCTG
cof_HEK3_1_3_25	AATACCTGCCCTCTACAG	TTTCCTCTGCCATCACTGTAGAGGGCAGGTATTCGTGCTCAGTCTG
cof_HEK3_1_3_26	GACTTGTTCTCGCCGGAT	TTTCCTCTGCCATCAATCCGGCGAGAACAAGTCCGTGCTCAGTCTG
cof_HEK3_1_3_27	ACTGCTCGTTTCTCGCCC	TTTCCTCTGCCATCAGGGCGAGAAACGAGCAGTCGTGCTCAGTCTG
cof_HEK3_1_3_28	ACCTGGTGCCAAAGTCGC	TTTCCTCTGCCATCAGCGACTTTGGCACCAGGTCGTGCTCAGTCTG
cof_HEK3_1_3_29	CGTTCCACTGCTGGCTCC	TTTCCTCTGCCATCAGGAGCCAGCAGTGGAACGCGTGCTCAGTCTG
cof_HEK3_1_3_30	ATCCTTGTCTCAATAGTT	TTTCCTCTGCCATCAAACTATTGAGACAAGGATCGTGCTCAGTCTG
cof_HEK3_1_3_31	TTAGGTTCCTTTACGTCC	TTTCCTCTGCCATCAGGACGTAAAGGAACCTAACGTGCTCAGTCTG
cof_HEK3_1_3_32	TCCAAGCCTCTAGCGATA	TTTCCTCTGCCATCATATCGCTAGAGGCTTGGACGTGCTCAGTCTG
cof_HEK3_1_3_33	TGACTGCCGTGGACACAA	TTTCCTCTGCCATCATTGTGTCCACGGCAGTCACGTGCTCAGTCTG
cof_HEK3_1_3_34	GAAACTCTGCGCAAAGGC	TTTCCTCTGCCATCAGCCTTTGCGCAGAGTTTCCGTGCTCAGTCTG
cof_HEK3_1_3_35	CCGCTGCTTATTCGAGTC	TTTCCTCTGCCATCAGACTCGAATAAGCAGCGGCGTGCTCAGTCTG
cof_HEK3_1_3_36	TACTGCCACGACAACGAT	TTTCCTCTGCCATCAATCGTTGTCGTGGCAGTACGTGCTCAGTCTG
cof_HEK3_1_3_37	TGATGCTGCCCGTCCGAC	TTTCCTCTGCCATCAGTCGGACGGGCAGCATCACGTGCTCAGTCTG
cof_HEK3_1_3_38	AATCCTGGACCCTCTGAT	TTTCCTCTGCCATCAATCAGAGGGTCCAGGATTCGTGCTCAGTCTG
cof_HEK3_1_3_39	TCCTCGCGCACGACCCCA	TTTCCTCTGCCATCATGGGGTCGTGCGCGAGGACGTGCTCAGTCTG
cof_HEK3_1_3_40	GACATCTTTGCAGTCAGG	TTTCCTCTGCCATCACCTGACTGCAAAGATGTCCGTGCTCAGTCTG
cof_HEK3_1_4_1	CGGTTTTGTATCTGCTTC	TTTCCTCTGCCATCAGAAGCAGATACAAAACCGCGTGCTCAGTCTG
cof_HEK3_1_4_2	CTATTAAGCCCTGCACTA	TTTCCTCTGCCATCATAGTGCAGGGCTTAATAGCGTGCTCAGTCTG
cof_HEK3_1_4_3	ACATCGACCTCATGGCAA	TTTCCTCTGCCATCATTGCCATGAGGTCGATGTCGTGCTCAGTCTG
cof_HEK3_1_4_4	GTTCGCGTGCGCCATTAG	TTTCCTCTGCCATCACTAATGGCGCACGCGAACCGTGCTCAGTCTG
cof_HEK3_1_4_5	ATATGTCCATATCTGTTT	TTTCCTCTGCCATCAAAACAGATATGGACATATCGTGCTCAGTCTG
cof_HEK3_1_4_6	CGGTACTTTCTGCGAACA	TTTCCTCTGCCATCATGTTCGCAGAAAGTACCGCGTGCTCAGTCTG
cof_HEK3_1_4_7	AACCTCGTTACAATAGAC	TTTCCTCTGCCATCAGTCTATTGTAACGAGGTTCGTGCTCAGTCTG
cof_HEK3_1_4_8	TCTTTAGCTCCTGACCAT	TTTCCTCTGCCATCAATGGTCAGGAGCTAAAGACGTGCTCAGTCTG
cof_HEK3_1_4_9	GCCGATGCTGTGAAGGAA	TTTCCTCTGCCATCATTCCTTCACAGCATCGGCCGTGCTCAGTCTG
cof_HEK3_1_4_10	CTTTGCTTAATTATGTAT	TTTCCTCTGCCATCAATACATAATTAAGCAAAGCGTGCTCAGTCTG
cof_HEK3_1_4_11	TATACCCATGTACGTCGT	TTTCCTCTGCCATCAACGACGTACATGGGTATACGTGCTCAGTCTG
cof_HEK3_1_4_12	TGGTCTGTGGCTTATCAC	TTTCCTCTGCCATCAGTGATAAGCCACAGACCACGTGCTCAGTCTG
cof_HEK3_1_4_13	TCCAGCTTGCTCGTAACA	TTTCCTCTGCCATCATGTTACGAGCAAGCTGGACGTGCTCAGTCTG
cof_HEK3_1_4_14	TAACCTCTATCTTGCGCA	TTTCCTCTGCCATCATGCGCAAGATAGAGGTTACGTGCTCAGTCTG
cof_HEK3_1_4_15	ATGGACACCGGCTGCAGT	TTTCCTCTGCCATCAACTGCAGCCGGTGTCCATCGTGCTCAGTCTG
cof_HEK3_1_4_16	AACGTGATGCTGCCAGCC	TTTCCTCTGCCATCAGGCTGGCAGCATCACGTTCGTGCTCAGTCTG
cof_HEK3_1_4_17	TCCTGCTCTTCGAACGTG	TTTCCTCTGCCATCACACGTTCGAAGAGCAGGACGTGCTCAGTCTG
cof_HEK3_1_4_18	ACACGCTTTGACCGTAAA	TTTCCTCTGCCATCATTTACGGTCAAAGCGTGTCGTGCTCAGTCTG
cof_HEK3_1_4_19	GCCAATATGCCACAGTCA	TTTCCTCTGCCATCATGACTGTGGCATATTGGCCGTGCTCAGTCTG
cof_HEK3_1_4_20	CTCTTACCCAAGCTGCTT	TTTCCTCTGCCATCAAAGCAGCTTGGGTAAGAGCGTGCTCAGTCTG
cof_HEK3_1_4_21	ATCTGTCCCTTCGAGTCA	TTTCCTCTGCCATCATGACTCGAAGGGACAGATCGTGCTCAGTCTG
cof_HEK3_1_4_22	TCAGTCATCACCTGTTGC	TTTCCTCTGCCATCAGCAACAGGTGATGACTGACGTGCTCAGTCTG
cof_HEK3_1_4_23	CGGACCATCTGTTAGGGG	TTTCCTCTGCCATCACCCCTAACAGATGGTCCGCGTGCTCAGTCTG
cof_HEK3_1_4_24	GTTCCAGACATGCGATTC	TTTCCTCTGCCATCAGAATCGCATGTCTGGAACCGTGCTCAGTCTG
cof_HEK3_1_4_25	CTTCAGCTTCTCCGACAA	TTTCCTCTGCCATCATTGTCGGAGAAGCTGAAGCGTGCTCAGTCTG
cof_HEK3_1_4_26	CGCATCCTATAGCCCTGA	TTTCCTCTGCCATCATCAGGGCTATAGGATGCGCGTGCTCAGTCTG
cof_HEK3_1_4_27	ATGCTCTGACGTGTACTC	TTTCCTCTGCCATCAGAGTACACGTCAGAGCATCGTGCTCAGTCTG
cof_HEK3_1_4_28	CACACGTCACTCTGAAGG	TTTCCTCTGCCATCACCTTCAGAGTGACGTGTGCGTGCTCAGTCTG
cof_HEK3_1_4_29	CCCAGTCTGGCTCTGTGT	TTTCCTCTGCCATCAACACAGAGCCAGACTGGGCGTGCTCAGTCTG
cof_HEK3_1_4_30	ACCACAAACCCTTTGCGG	TTTCCTCTGCCATCACCGCAAAGGGTTTGTGGTCGTGCTCAGTCTG
cof_HEK3_1_4_31	ATGCTGTCGGCTACACAT	TTTCCTCTGCCATCAATGTGTAGCCGACAGCATCGTGCTCAGTCTG
cof_HEK3_1_4_32	AGCTCCCCCCGCTCATCA	TTTCCTCTGCCATCATGATGAGCGGGGGGAGCTCGTGCTCAGTCTG
cof_HEK3_1_4_33	GGCCCTGCATTGCTTCTA	TTTCCTCTGCCATCATAGAAGCAATGCAGGGCCCGTGCTCAGTCTG
cof_HEK3_1_4_34	GTCTTATATTCTTCGGCT	TTTCCTCTGCCATCAAGCCGAAGAATATAAGACCGTGCTCAGTCTG
cof_HEK3_1_4_35	GCCTACCATCGCGCAACC	TTTCCTCTGCCATCAGGTTGCGCGATGGTAGGCCGTGCTCAGTCTG
cof_HEK3_1_4_36	CATCTGACGCCACACCTC	TTTCCTCTGCCATCAGAGGTGTGGCGTCAGATGCGTGCTCAGTCTG
cof_HEK3_1_4_37	TATTAATCTTCGCAGCCT	TTTCCTCTGCCATCAAGGCTGCGAAGATTAATACGTGCTCAGTCTG
cof_HEK3_1_4_38	TCACTGTGGCATAGGGCA	TTTCCTCTGCCATCATGCCCTATGCCACAGTGACGTGCTCAGTCTG
cof_HEK3_1_4_39	TCCTGGCCGTTCGGCATT	TTTCCTCTGCCATCAAATGCCGAACGGCCAGGACGTGCTCAGTCTG
cof_HEK3_1_4_40	GGACGTGAGAACCTGCCG	TTTCCTCTGCCATCACGGCAGGTTCTCACGTCCCGTGCTCAGTCTG
cof_HEK3_1_5_1	AAGGTTCACGGCCAACGA	TTTCCTCTGCCATCATCGTTGGCCGTGAACCTTCGTGCTCAGTCTG
cof_HEK3_1_5_2	GAAACCTTTCGGCTCGCG	TTTCCTCTGCCATCACGCGAGCCGAAAGGTTTCCGTGCTCAGTCTG
cof_HEK3_1_5_3	CCTTAACACGTTACAAGT	TTTCCTCTGCCATCAACTTGTAACGTGTTAAGGCGTGCTCAGTCTG
cof_HEK3_1_5_4	CCCTATTTGAACCATGCG	TTTCCTCTGCCATCACGCATGGTTCAAATAGGGCGTGCTCAGTCTG
cof_HEK3_1_5_5	ACAGCGGTCGCCAGGATG	TTTCCTCTGCCATCACATCCTGGCGACCGCTGTCGTGCTCAGTCTG
cof_HEK3_1_5_6	CTCATCCGTGACAGCTAT	TTTCCTCTGCCATCAATAGCTGTCACGGATGAGCGTGCTCAGTCTG
cof_HEK3_1_5_7	AAAGACCCACTTGCACAC	TTTCCTCTGCCATCAGTGTGCAAGTGGGTCTTTCGTGCTCAGTCTG
cof_HEK3_1_5_8	TCGACTGATGGCCGATTA	TTTCCTCTGCCATCATAATCGGCCATCAGTCGACGTGCTCAGTCTG
cof_HEK3_1_5_9	GACAACGCCATGAGTACG	TTTCCTCTGCCATCACGTACTCATGGCGTTGTCCGTGCTCAGTCTG
cof_HEK3_1_5_10	GATGTTAGATCTTTGGCG	TTTCCTCTGCCATCACGCCAAAGATCTAACATCCGTGCTCAGTCTG
cof_HEK3_1_5_11	ACTAACGTCGCGCTCTTC	TTTCCTCTGCCATCAGAAGAGCGCGACGTTAGTCGTGCTCAGTCTG
cof_HEK3_1_5_12	GATCTCCCCAAATACTAC	TTTCCTCTGCCATCAGTAGTATTTGGGGAGATCCGTGCTCAGTCTG
cof_HEK3_1_5_13	TCGTTCTTAGACTGTAAT	TTTCCTCTGCCATCAATTACAGTCTAAGAACGACGTGCTCAGTCTG
cof_HEK3_1_5_14	CTAGTAATGATGCATCAG	TTTCCTCTGCCATCACTGATGCATCATTACTAGCGTGCTCAGTCTG
cof_HEK3_1_5_15	ACATTTCTGGTGGCGGTG	TTTCCTCTGCCATCACACCGCCACCAGAAATGTCGTGCTCAGTCTG
cof_HEK3_1_5_16	TAGTCTCTTCTGAGCGCC	TTTCCTCTGCCATCAGGCGCTCAGAAGAGACTACGTGCTCAGTCTG
cof_HEK3_1_5_17	TATAGTTGATGCCAACGT	TTTCCTCTGCCATCAACGTTGGCATCAACTATACGTGCTCAGTCTG
cof_HEK3_1_5_18	CCGGAATCTTCCAGCCTT	TTTCCTCTGCCATCAAAGGCTGGAAGATTCCGGCGTGCTCAGTCTG
cof_HEK3_1_5_19	ACTTTCCAGTTTGTGTTG	TTTCCTCTGCCATCACAACACAAACTGGAAAGTCGTGCTCAGTCTG
cof_HEK3_1_5_20	TTAACTAGCCGGTGAACC	TTTCCTCTGCCATCAGGTTCACCGGCTAGTTAACGTGCTCAGTCTG
cof_HEK3_1_5_21	AGATATATCCACATGCGT	TTTCCTCTGCCATCAACGCATGTGGATATATCTCGTGCTCAGTCTG
cof_HEK3_1_5_22	CCTCGGCAATGGTTTGGA	TTTCCTCTGCCATCATCCAAACCATTGCCGAGGCGTGCTCAGTCTG
cof_HEK3_1_5_23	TTCATTCGTTGTCCCCGT	TTTCCTCTGCCATCAACGGGGACAACGAATGAACGTGCTCAGTCTG
cof_HEK3_1_5_24	GCCAATACTCGTCCCCTG	TTTCCTCTGCCATCACAGGGGACGAGTATTGGCCGTGCTCAGTCTG
cof_HEK3_1_5_25	TAGACAGAAGCCGGTGAA	TTTCCTCTGCCATCATTCACCGGCTTCTGTCTACGTGCTCAGTCTG
cof_HEK3_1_5_26	CTTGTATGGCGATCTCTC	TTTCCTCTGCCATCAGAGAGATCGCCATACAAGCGTGCTCAGTCTG
cof_HEK3_1_5_27	TCCGCAGGCGGGCCATAT	TTTCCTCTGCCATCAATATGGCCCGCCTGCGGACGTGCTCAGTCTG
cof_HEK3_1_5_28	GATATCATTCTAGTCGCC	TTTCCTCTGCCATCAGGCGACTAGAATGATATCCGTGCTCAGTCTG
cof_HEK3_1_5_29	CAGAAATCCGGACATCGC	TTTCCTCTGCCATCAGCGATGTCCGGATTTCTGCGTGCTCAGTCTG
cof_HEK3_1_5_30	CACTGCTAGAGCCGTATG	TTTCCTCTGCCATCACATACGGCTCTAGCAGTGCGTGCTCAGTCTG
cof_HEK3_1_5_31	CCGCGATACCTGAGGCCG	TTTCCTCTGCCATCACGGCCTCAGGTATCGCGGCGTGCTCAGTCTG
cof_HEK3_1_5_32	CGTTAGCCCACTGCAAGC	TTTCCTCTGCCATCAGCTTGCAGTGGGCTAACGCGTGCTCAGTCTG
cof_HEK3_1_5_33	GCAAACTCGCTTAAGTCA	TTTCCTCTGCCATCATGACTTAAGCGAGTTTGCCGTGCTCAGTCTG
cof_HEK3_1_5_34	TATAGAAATCCGATGTAG	TTTCCTCTGCCATCACTACATCGGATTTCTATACGTGCTCAGTCTG
cof_HEK3_1_5_35	CCGTCCCATTTTTGATCT	TTTCCTCTGCCATCAAGATCAAAAATGGGACGGCGTGCTCAGTCTG
cof_HEK3_1_5_36	TTTGGCGTTTTGACCTGT	TTTCCTCTGCCATCAACAGGTCAAAACGCCAAACGTGCTCAGTCTG
cof_HEK3_1_5_37	CGTATGCACCTTTGTACG	TTTCCTCTGCCATCACGTACAAAGGTGCATACGCGTGCTCAGTCTG
cof_HEK3_1_5_38	CTAAGTCCAGTCGTGATA	TTTCCTCTGCCATCATATCACGACTGGACTTAGCGTGCTCAGTCTG
cof_HEK3_1_5_39	CTCTCGGGCAGTCGGCTA	TTTCCTCTGCCATCATAGCCGACTGCCCGAGAGCGTGCTCAGTCTG
cof_HEK3_1_5_40	AAGCCATTAGGCCTTATG	TTTCCTCTGCCATCACATAAGGCCTAATGGCTTCGTGCTCAGTCTG
cof_HEK3_1_6_1	GCCACGTAGTGTGCTCTA	TTTCCTCTGCCATCATAGAGCACACTACGTGGCCGTGCTCAGTCTG
cof_HEK3_1_6_2	ATAGCCCCGATATAACCA	TTTCCTCTGCCATCATGGTTATATCGGGGCTATCGTGCTCAGTCTG
cof_HEK3_1_6_3	GACTACAAACTTTGGGCG	TTTCCTCTGCCATCACGCCCAAAGTTTGTAGTCCGTGCTCAGTCTG
cof_HEK3_1_6_4	CTAACTGGACACATCTTG	TTTCCTCTGCCATCACAAGATGTGTCCAGTTAGCGTGCTCAGTCTG
cof_HEK3_1_6_5	GAACGTGTGTCTTTGTTC	TTTCCTCTGCCATCAGAACAAAGACACACGTTCCGTGCTCAGTCTG
cof_HEK3_1_6_6	GGGTGCAGCGAGCCATGG	TTTCCTCTGCCATCACCATGGCTCGCTGCACCCCGTGCTCAGTCTG
cof_HEK3_1_6_7	GACCAGTGTTGGCCTTAT	TTTCCTCTGCCATCAATAAGGCCAACACTGGTCCGTGCTCAGTCTG
cof_HEK3_1_6_8	ATGGTGACTATCTCCCAC	TTTCCTCTGCCATCAGTGGGAGATAGTCACCATCGTGCTCAGTCTG
cof_HEK3_1_6_9	AACGACAACTCTAAGGTG	TTTCCTCTGCCATCACACCTTAGAGTTGTCGTTCGTGCTCAGTCTG
cof_HEK3_1_6_10	TTGTTTGCAACCAGACCG	TTTCCTCTGCCATCACGGTCTGGTTGCAAACAACGTGCTCAGTCTG
cof_HEK3_1_6_11	CCTCGGTTCGCGAGTTTT	TTTCCTCTGCCATCAAAAACTCGCGAACCGAGGCGTGCTCAGTCTG
cof_HEK3_1_6_12	TCCACTATTACGGTTCGT	TTTCCTCTGCCATCAACGAACCGTAATAGTGGACGTGCTCAGTCTG
cof_HEK3_1_6_13	AGCTTTCAATTCAAGTAG	TTTCCTCTGCCATCACTACTTGAATTGAAAGCTCGTGCTCAGTCTG
cof_HEK3_1_6_14	GGTCTCACTAAGTATAGT	TTTCCTCTGCCATCAACTATACTTAGTGAGACCCGTGCTCAGTCTG
cof_HEK3_1_6_15	CCCAGGGTCAGAAGATTG	TTTCCTCTGCCATCACAATCTTCTGACCCTGGGCGTGCTCAGTCTG
cof_HEK3_1_6_16	CCTAGACTAATATTATCG	TTTCCTCTGCCATCACGATAATATTAGTCTAGGCGTGCTCAGTCTG
cof_HEK3_1_6_17	CACAAATCGCGTAATCCG	TTTCCTCTGCCATCACGGATTACGCGATTTGTGCGTGCTCAGTCTG
cof_HEK3_1_6_18	TGAAATCGAGTAGAGCCT	TTTCCTCTGCCATCAAGGCTCTACTCGATTTCACGTGCTCAGTCTG
cof_HEK3_1_6_19	CACGCAACCGATTGCTCG	TTTCCTCTGCCATCACGAGCAATCGGTTGCGTGCGTGCTCAGTCTG
cof_HEK3_1_6_20	TCTACCACTGAAATGGGG	TTTCCTCTGCCATCACCCCATTTCAGTGGTAGACGTGCTCAGTCTG
cof_HEK3_1_6_21	AACTCGGGTGGAGCTCCT	TTTCCTCTGCCATCAAGGAGCTCCACCCGAGTTCGTGCTCAGTCTG
cof_HEK3_1_6_22	ACAACCGATGTAGTTTGA	TTTCCTCTGCCATCATCAAACTACATCGGTTGTCGTGCTCAGTCTG
cof_HEK3_1_6_23	TAAGGTTGATCGTTTGGA	TTTCCTCTGCCATCATCCAAACGATCAACCTTACGTGCTCAGTCTG
cof_HEK3_1_6_24	TGCTCACGAAACGCACCA	TTTCCTCTGCCATCATGGTGCGTTTCGTGAGCACGTGCTCAGTCTG
cof_HEK3_1_6_25	AACCTGATGAACGTCTGG	TTTCCTCTGCCATCACCAGACGTTCATCAGGTTCGTGCTCAGTCTG
cof_HEK3_1_6_26	GATTGTTCTAGGGCGATC	TTTCCTCTGCCATCAGATCGCCCTAGAACAATCCGTGCTCAGTCTG
cof_HEK3_1_6_27	TCGTTGCTCCCGCTGCGA	TTTCCTCTGCCATCATCGCAGCGGGAGCAACGACGTGCTCAGTCTG
cof_HEK3_1_6_28	TTCAGAACACCATAACCA	TTTCCTCTGCCATCATGGTTATGGTGTTCTGAACGTGCTCAGTCTG
cof_HEK3_1_6_29	GGACTAGCTCCCTCGAAC	TTTCCTCTGCCATCAGTTCGAGGGAGCTAGTCCCGTGCTCAGTCTG
cof_HEK3_1_6_30	CTTGTGATACGGCTTCTT	TTTCCTCTGCCATCAAAGAAGCCGTATCACAAGCGTGCTCAGTCTG
cof_HEK3_1_6_31	CGTATAACGTCAATCGTG	TTTCCTCTGCCATCACACGATTGACGTTATACGCGTGCTCAGTCTG
cof_HEK3_1_6_32	GCTTTTAGGACTATTCAT	TTTCCTCTGCCATCAATGAATAGTCCTAAAAGCCGTGCTCAGTCTG
cof_HEK3_1_6_33	GGACGATACTTGGCGTTG	TTTCCTCTGCCATCACAACGCCAAGTATCGTCCCGTGCTCAGTCTG
cof_HEK3_1_6_34	ATCTTGGTAATAATCTTT	TTTCCTCTGCCATCAAAAGATTATTACCAAGATCGTGCTCAGTCTG
cof_HEK3_1_6_35	GAATTGCGGCAAAGGTCC	TTTCCTCTGCCATCAGGACCTTTGCCGCAATTCCGTGCTCAGTCTG
cof_HEK3_1_6_36	GAATGGAATGCGGCTCAA	TTTCCTCTGCCATCATTGAGCCGCATTCCATTCCGTGCTCAGTCTG
cof_HEK3_1_6_37	GGGAACAATAGCCAAGAC	TTTCCTCTGCCATCAGTCTTGGCTATTGTTCCCCGTGCTCAGTCTG
cof_HEK3_1_6_38	GAACGGACGGCCCCTTAG	TTTCCTCTGCCATCACTAAGGGGCCGTCCGTTCCGTGCTCAGTCTG
cof_HEK3_1_6_39	TTACGAGTCGTACGCGCT	TTTCCTCTGCCATCAAGCGCGTACGACTCGTAACGTGCTCAGTCTG
cof_HEK3_1_6_40	TTGCTTGACACTTCGTAG	TTTCCTCTGCCATCACTACGAAGTGTCAAGCAACGTGCTCAGTCTG
cof_HEK3_1_7_1	GAAAGCGACTAGCGCATT	TTTCCTCTGCCATCAAATGCGCTAGTCGCTTTCCGTGCTCAGTCTG
cof_HEK3_1_7_2	TGTACTACGATCACTAAG	TTTCCTCTGCCATCACTTAGTGATCGTAGTACACGTGCTCAGTCTG
cof_HEK3_1_7_3	TAACAACGCGGAATATAG	TTTCCTCTGCCATCACTATATTCCGCGTTGTTACGTGCTCAGTCTG
cof_HEK3_1_7_4	CGAATCAAAGATCAGTGT	TTTCCTCTGCCATCAACACTGATCTTTGATTCGCGTGCTCAGTCTG
cof_HEK3_1_7_5	GACCAAATCCATTGGTAG	TTTCCTCTGCCATCACTACCAATGGATTTGGTCCGTGCTCAGTCTG
cof_HEK3_1_7_6	GCGCTAAGCAAATAGGAT	TTTCCTCTGCCATCAATCCTATTTGCTTAGCGCCGTGCTCAGTCTG
cof_HEK3_1_7_7	AGTTCGGGACGGTCTACA	TTTCCTCTGCCATCATGTAGACCGTCCCGAACTCGTGCTCAGTCTG
cof_HEK3_1_7_8	GAGCTTTAGAACGCGATG	TTTCCTCTGCCATCACATCGCGTTCTAAAGCTCCGTGCTCAGTCTG
cof_HEK3_1_7_9	AAACGCAAATAGCATGGA	TTTCCTCTGCCATCATCCATGCTATTTGCGTTTCGTGCTCAGTCTG
cof_HEK3_1_7_10	CAACGCAACAATGCTGGA	TTTCCTCTGCCATCATCCAGCATTGTTGCGTTGCGTGCTCAGTCTG
cof_HEK3_1_7_11	CTTCGTACTTTAGGAGTA	TTTCCTCTGCCATCATACTCCTAAAGTACGAAGCGTGCTCAGTCTG
cof_HEK3_1_7_12	ATGCGAATGAGTGACAAT	TTTCCTCTGCCATCAATTGTCACTCATTCGCATCGTGCTCAGTCTG
cof_HEK3_1_7_13	CCGGTCGGAGACGGGCTC	TTTCCTCTGCCATCAGAGCCCGTCTCCGACCGGCGTGCTCAGTCTG
cof_HEK3_1_7_14	ATAAACATATTTTACGTT	TTTCCTCTGCCATCAAACGTAAAATATGTTTATCGTGCTCAGTCTG
cof_HEK3_1_7_15	GGGTTGTAGGCGAGCGCT	TTTCCTCTGCCATCAAGCGCTCGCCTACAACCCCGTGCTCAGTCTG
cof_HEK3_1_7_16	CTAATTAACGCATACGTA	TTTCCTCTGCCATCATACGTATGCGTTAATTAGCGTGCTCAGTCTG
cof_HEK3_1_7_17	TGCTTGCGGCAACTTGGC	TTTCCTCTGCCATCAGCCAAGTTGCCGCAAGCACGTGCTCAGTCTG
cof_HEK3_1_7_18	CGATCGTACAACAGCACA	TTTCCTCTGCCATCATGTGCTGTTGTACGATCGCGTGCTCAGTCTG
cof_HEK3_1_7_19	TCGTCGAAATGTGCGAGG	TTTCCTCTGCCATCACCTCGCACATTTCGACGACGTGCTCAGTCTG
cof_HEK3_1_7_20	AGGTCTAACTTACCTACG	TTTCCTCTGCCATCACGTAGGTAAGTTAGACCTCGTGCTCAGTCTG
cof_HEK3_1_7_21	AGACGATAAGCGATACCT	TTTCCTCTGCCATCAAGGTATCGCTTATCGTCTCGTGCTCAGTCTG
cof_HEK3_1_7_22	CCGAAGGGGACGCCCTCT	TTTCCTCTGCCATCAAGAGGGCGTCCCCTTCGGCGTGCTCAGTCTG
cof_HEK3_1_7_23	TAACAGACCGAGATTCTG	TTTCCTCTGCCATCACAGAATCTCGGTCTGTTACGTGCTCAGTCTG
cof_HEK3_1_7_24	TGTACTACTTATGATGCG	TTTCCTCTGCCATCACGCATCATAAGTAGTACACGTGCTCAGTCTG
cof_HEK3_1_7_25	GCCCGGCAGTTGCTGGAG	TTTCCTCTGCCATCACTCCAGCAACTGCCGGGCCGTGCTCAGTCTG
cof_HEK3_1_7_26	AACAAGGGCGTGAGTTAT	TTTCCTCTGCCATCAATAACTCACGCCCTTGTTCGTGCTCAGTCTG
cof_HEK3_1_7_27	ACGTACGCTGCAGGGGCA	TTTCCTCTGCCATCATGCCCCTGCAGCGTACGTCGTGCTCAGTCTG
cof_HEK3_1_7_28	GGAAGAGGCCTAGTGGGC	TTTCCTCTGCCATCAGCCCACTAGGCCTCTTCCCGTGCTCAGTCTG
cof_HEK3_1_7_29	AAATAGAAAGACGGCTCT	TTTCCTCTGCCATCAAGAGCCGTCTTTCTATTTCGTGCTCAGTCTG
cof_HEK3_1_7_30	TGAAATACCACAAAACGT	TTTCCTCTGCCATCAACGTTTTGTGGTATTTCACGTGCTCAGTCTG
cof_HEK3_1_7_31	TGGTCGTACCGCAATGTC	TTTCCTCTGCCATCAGACATTGCGGTACGACCACGTGCTCAGTCTG
cof_HEK3_1_7_32	GATAAACGTAGGAGAGCC	TTTCCTCTGCCATCAGGCTCTCCTACGTTTATCCGTGCTCAGTCTG
cof_HEK3_1_7_33	GCGTCGGGTAGAGACTTA	TTTCCTCTGCCATCATAAGTCTCTACCCGACGCCGTGCTCAGTCTG
cof_HEK3_1_7_34	TAGGTAACGGATGCTTCG	TTTCCTCTGCCATCACGAAGCATCCGTTACCTACGTGCTCAGTCTG
cof_HEK3_1_7_35	GGAGTCGAAGCAGCATGT	TTTCCTCTGCCATCAACATGCTGCTTCGACTCCCGTGCTCAGTCTG
cof_HEK3_1_7_36	GATATGATAGAGAACTTC	TTTCCTCTGCCATCAGAAGTTCTCTATCATATCCGTGCTCAGTCTG
cof_HEK3_1_7_37	CGGCAATTAAACCGGTGC	TTTCCTCTGCCATCAGCACCGGTTTAATTGCCGCGTGCTCAGTCTG
cof_HEK3_1_7_38	GTCGACAGTGATCGCGGT	TTTCCTCTGCCATCAACCGCGATCACTGTCGACCGTGCTCAGTCTG
cof_HEK3_1_7_39	CGGCGTTGTATAACTAAG	TTTCCTCTGCCATCACTTAGTTATACAACGCCGCGTGCTCAGTCTG
cof_HEK3_1_7_40	GGGGCAGATCACTATGTC	TTTCCTCTGCCATCAGACATAGTGATCTGCCCCCGTGCTCAGTCTG
98_HEK3_1	TTTACACCGATGGGTGGC	TTTCCTCTGCCATCAGCCACCCATCGGTGTAAACGTGCTCAGTCTG
112_HEK3_1	CCGGCAAATGTATTCGGA	TTTCCTCTGCCATCATCCGAATACATTTGCCGGCGTGCTCAGTCTG
116_HEK3_1	GAAGTACTTAACGTGCTA	TTTCCTCTGCCATCATAGCACGTTAAGTACTTCCGTGCTCAGTCTG
312_HEK3_1	GCGATCCTAGTAGGGTTG	TTTCCTCTGCCATCACAACCCTACTAGGATCGCCGTGCTCAGTCTG
339_HEK3_1	TAGTACGCGGAGATGTGC	TTTCCTCTGCCATCAGCACATCTCCGCGTACTACGTGCTCAGTCTG
504_HEK3_1	CCGCGTACGGGTGGTGAC	TTTCCTCTGCCATCAGTCACCACCCGTACGCGGCGTGCTCAGTCTG
699_HEK3_1	AACTAAAAAATTTAGATC	TTTCCTCTGCCATCAGATCTAAATTTTTTAGTTCGTGCTCAGTCTG
726_HEK3_1	CAGGAACGAATCGTTCGA	TTTCCTCTGCCATCATCGAACGATTCGTTCCTGCGTGCTCAGTCTG
879_HEK3_1	TCGACGTGTATAAACGGG	TTTCCTCTGCCATCACCCGTTTATACACGTCGACGTGCTCAGTCTG
1022_HEK3_1	CCCACAACGTATGTGGTG	TTTCCTCTGCCATCACACCACATACGTTGTGGGCGTGCTCAGTCTG
1213_HEK3_1	AGCTGCATGTATGCGGTA	TTTCCTCTGCCATCATACCGCATACATGCAGCTCGTGCTCAGTCTG
1348_HEK3_1	CTTGGTGTAATATCAAGG	TTTCCTCTGCCATCACCTTGATATTACACCAAGCGTGCTCAGTCTG
1456_HEK3_1	TACACATGCAAGCATGTG	TTTCCTCTGCCATCACACATGCTTGCATGTGTACGTGCTCAGTCTG
1464_HEK3_1	AGCCTTATAAAGGCGAAG	TTTCCTCTGCCATCACTTCGCCTTTATAAGGCTCGTGCTCAGTCTG
1495_HEK3_1	TCGTCGCAATAGTGACGT	TTTCCTCTGCCATCAACGTCACTATTGCGACGACGTGCTCAGTCTG
1502_HEK3_1	AGGCAACGGCTTGTTGTC	TTTCCTCTGCCATCAGACAACAAGCCGTTGCCTCGTGCTCAGTCTG
1636_HEK3_1	AATAGATATATGATGACT	TTTCCTCTGCCATCAAGTCATCATATATCTATTCGTGCTCAGTCTG
1663_HEK3_1	CCCCGTGCACAGGGGCAT	TTTCCTCTGCCATCAATGCCCCTGTGCACGGGGCGTGCTCAGTCTG
1724_HEK3_1	CCGTTAGTATGAACGGCT	TTTCCTCTGCCATCAAGCCGTTCATACTAACGGCGTGCTCAGTCTG
1739_HEK3_1	GGGGTTCGGTACGAGCCT	TTTCCTCTGCCATCAAGGCTCGTACCGAACCCCCGTGCTCAGTCTG
1804_HEK3_1	GGGTTCTTATTAGAGAGC	TTTCCTCTGCCATCAGCTCTCTAATAAGAACCCCGTGCTCAGTCTG
1812_HEK3_1	GGGGCGTAAAATGCCTTA	TTTCCTCTGCCATCATAAGGCATTTTACGCCCCCGTGCTCAGTCTG
1829_HEK3_1	GTCTACAACAGACAGGAC	TTTCCTCTGCCATCAGTCCTGTCTGTTGTAGACCGTGCTCAGTCTG
1871_HEK3_1	ACGTAGGCGATGGCTGCG	TTTCCTCTGCCATCACGCAGCCATCGCCTACGTCGTGCTCAGTCTG
1887_HEK3_1	CCCGTATCTGGCGACGGG	TTTCCTCTGCCATCACCCGTCGCCAGATACGGGCGTGCTCAGTCTG
1950_HEK3_1	ACCGATTATGACTCGGTC	TTTCCTCTGCCATCAGACCGAGTCATAATCGGTCGTGCTCAGTCTG
2037_HEK3_1	TATGACGGAACAGCGTCC	TTTCCTCTGCCATCAGGACGCTGTTCCGTCATACGTGCTCAGTCTG
2052_HEK3_1	ACGGGTACTATACTCGTG	TTTCCTCTGCCATCACACGAGTATAGTACCCGTCGTGCTCAGTCTG
2054_HEK3_1	ACCTAGTGGATGGTAATC	TTTCCTCTGCCATCAGATTACCATCCACTAGGTCGTGCTCAGTCTG
2170_HEK3_1	GGACGAACCCTCGTCCGC	TTTCCTCTGCCATCAGCGGACGAGGGTTCGTCCCGTGCTCAGTCTG
2234_HEK3_1	AGACGTATAACAGCGTCT	TTTCCTCTGCCATCAAGACGCTGTTATACGTCTCGTGCTCAGTCTG
2236_HEK3_1	ATCCCGCATTGTGGGTTG	TTTCCTCTGCCATCACAACCCACAATGCGGGATCGTGCTCAGTCTG
2326_HEK3_1	ACGGGTAGACATACTCGT	TTTCCTCTGCCATCAACGAGTATGTCTACCCGTCGTGCTCAGTCTG
2345_HEK3_1	TTGTGCATTATCGCACTT	TTTCCTCTGCCATCAAAGTGCGATAATGCACAACGTGCTCAGTCTG
2388_HEK3_1	CGTTCTATATTAGGATGT	TTTCCTCTGCCATCAACATCCTAATATAGAACGCGTGCTCAGTCTG
2584_HEK3_1	CGGACAGCATAATGTTCA	TTTCCTCTGCCATCATGAACATTATGCTGTCCGCGTGCTCAGTCTG
2607_HEK3_1	AGCGTTGATTTATGCATT	TTTCCTCTGCCATCAAATGCATAAATCAACGCTCGTGCTCAGTCTG
2628_HEK3_1	CAACCGCCTTAGTGCGGT	TTTCCTCTGCCATCAACCGCACTAAGGCGGTTGCGTGCTCAGTCTG
2688_HEK3_1	GTACCCGACCTACCGGGA	TTTCCTCTGCCATCATCCCGGTAGGTCGGGTACCGTGCTCAGTCTG
2705_HEK3_1	AAGGGATAAAGTTCCGTC	TTTCCTCTGCCATCAGACGGAACTTTATCCCTTCGTGCTCAGTCTG
2869_HEK3_1	AGGATGAGACGATCTTGG	TTTCCTCTGCCATCACCAAGATCGTCTCATCCTCGTGCTCAGTCTG
2975_HEK3_1	CACGATTAAATGTGGAAA	TTTCCTCTGCCATCATTTCCACATTTAATCGTGCGTGCTCAGTCTG
3091_HEK3_1	CGCTCATGACAGGTGAGT	TTTCCTCTGCCATCAACTCACCTGTCATGAGCGCGTGCTCAGTCTG
3142_HEK3_1	AGCGAAGAATAATTTCGA	TTTCCTCTGCCATCATCGAAATTATTCTTCGCTCGTGCTCAGTCTG
3178_HEK3_1	CCGCATTCGTATGATGTG	TTTCCTCTGCCATCACACATCATACGAATGCGGCGTGCTCAGTCTG
3206_HEK3_1	GGGGGCGACGGCCGCCGA	TTTCCTCTGCCATCATCGGCGGCCGTCGCCCCCCGTGCTCAGTCTG
3262_HEK3_1	CCGGTAGTGCAATCTACC	TTTCCTCTGCCATCAGGTAGATTGCACTACCGGCGTGCTCAGTCTG
3342_HEK3_1	TTGGCGTGATACTACGTC	TTTCCTCTGCCATCAGACGTAGTATCACGCCAACGTGCTCAGTCTG
3348_HEK3_1	AGCGAATGAATGAATCGG	TTTCCTCTGCCATCACCGATTCATTCATTCGCTCGTGCTCAGTCTG
3361_HEK3_1	TGTATACAATCGTACAGC	TTTCCTCTGCCATCAGCTGTACGATTGTATACACGTGCTCAGTCTG
3365_HEK3_1	CACTAGTCATGACTAGTA	TTTCCTCTGCCATCATACTAGTCATGACTAGTGCGTGCTCAGTCTG
3443_HEK3_1	GTCGCGCGGGACGACAGT	TTTCCTCTGCCATCAACTGTCGTCCCGCGCGACCGTGCTCAGTCTG
3491_HEK3_1	CGCGTTTACGATAAACGC	TTTCCTCTGCCATCAGCGTTTATCGTAAACGCGCGTGCTCAGTCTG
3505_HEK3_1	TATGCGCGGTACTCGCGC	TTTCCTCTGCCATCAGCGCGAGTACCGCGCATACGTGCTCAGTCTG
3557_HEK3_1	AGAAAGATGATTTTAGTT	TTTCCTCTGCCATCAAACTAAAATCATCTTTCTCGTGCTCAGTCTG
3565_HEK3_1	AAGTACCATAACGGTGGC	TTTCCTCTGCCATCAGCCACCGTTATGGTACTTCGTGCTCAGTCTG
3577_HEK3_1	CGAATCATACCGATTCTC	TTTCCTCTGCCATCAGAGAATCGGTATGATTCGCGTGCTCAGTCTG
3621_HEK3_1	ATTCGTACGATCTATGAT	TTTCCTCTGCCATCAATCATAGATCGTACGAATCGTGCTCAGTCTG
3712_HEK3_1	TCGCCTAGGTCTCGGCGA	TTTCCTCTGCCATCATCGCCGAGACCTAGGCGACGTGCTCAGTCTG
3853_HEK3_1	TAGTAGATCGGGTCTACG	TTTCCTCTGCCATCACGTAGACCCGATCTACTACGTGCTCAGTCTG
3860_HEK3_1	TGCAGAATTAGTTGCGTT	TTTCCTCTGCCATCAAACGCAACTAATTCTGCACGTGCTCAGTCTG
3866_HEK3_1	TCCACCTATCGGTGTGAC	TTTCCTCTGCCATCAGTCACACCGATAGGTGGACGTGCTCAGTCTG
3970_HEK3_1	CACGCTCGAATGAGTGGA	TTTCCTCTGCCATCATCCACTCATTCGAGCGTGCGTGCTCAGTCTG
4088_HEK3_1	GTTCGAAATAAGTCGAAC	TTTCCTCTGCCATCAGTTCGACTTATTTCGAACCGTGCTCAGTCTG
4119_HEK3_1	CTTCCGTATATTGGGATA	TTTCCTCTGCCATCATATCCCAATATACGGAAGCGTGCTCAGTCTG
4606_HEK3_1	GTGCTGGACTTACGGCAT	TTTCCTCTGCCATCAATGCCGTAAGTCCAGCACCGTGCTCAGTCTG
4711_HEK3_1	GGCGATTGATGTACGCCC	TTTCCTCTGCCATCAGGGCGTACATCAATCGCCCGTGCTCAGTCTG
4712_HEK3_1	TTGCGCGATAGGGTGCAA	TTTCCTCTGCCATCATTGCACCCTATCGCGCAACGTGCTCAGTCTG
4728_HEK3_1	CCGGCATTTGTCGGAATC	TTTCCTCTGCCATCAGATTCCGACAAATGCCGGCGTGCTCAGTCTG
5019_HEK3_1	CTGTATATAGCAGACGTG	TTTCCTCTGCCATCACACGTCTGCTATATACAGCGTGCTCAGTCTG
5113_HEK3_1	CGGTCCGATCCGGATCAA	TTTCCTCTGCCATCATTGATCCGGATCGGACCGCGTGCTCAGTCTG
5119_HEK3_1	GTGTGAGGGTATCGCGCT	TTTCCTCTGCCATCAAGCGCGATACCCTCACACCGTGCTCAGTCTG
5189_HEK3_1	AACACGTTGTACAAACGT	TTTCCTCTGCCATCAACGTTTGTACAACGTGTTCGTGCTCAGTCTG
5230_HEK3_1	CGCGTTTAGTTAGATGCT	TTTCCTCTGCCATCAAGCATCTAACTAAACGCGCGTGCTCAGTCTG
5273_HEK3_1	GGTGCGGCATCGCTGTAG	TTTCCTCTGCCATCACTACAGCGATGCCGCACCCGTGCTCAGTCTG
5554_HEK3_1	ATAAACATATTTTACGTT	TTTCCTCTGCCATCAAACGTAAAATATGTTTATCGTGCTCAGTCTG
5709_HEK3_1	TAATGGTACATGACATGA	TTTCCTCTGCCATCATCATGTCATGTACCATTACGTGCTCAGTCTG
5721_HEK3_1	CTCATTTGGAAAGTGAGT	TTTCCTCTGCCATCAACTCACTTTCCAAATGAGCGTGCTCAGTCTG
5742_HEK3_1	GTTGGGCTTCCAGCAAGT	TTTCCTCTGCCATCAACTTGCTGGAAGCCCAACCGTGCTCAGTCTG
5877_HEK3_1	TACCCGCGGGTGCGGTAT	TTTCCTCTGCCATCAATACCGCACCCGCGGGTACGTGCTCAGTCTG
6024_HEK3_1	TTAAGCGTGGGACGCGTG	TTTCCTCTGCCATCACACGCGTCCCACGCTTAACGTGCTCAGTCTG
6175_HEK3_1	CATCCGGTCAACCGGGCT	TTTCCTCTGCCATCAAGCCCGGTTGACCGGATGCGTGCTCAGTCTG
6315_HEK3_1	AGATATGATTATTTAATA	TTTCCTCTGCCATCATATTAAATAATCATATCTCGTGCTCAGTCTG
6377_HEK3_1	CGACACGGAACTCGGTGT	TTTCCTCTGCCATCAACACCGAGTTCCGTGTCGCGTGCTCAGTCTG
6391_HEK3_1	GTGTTGTTGATACACGCA	TTTCCTCTGCCATCATGCGTGTATCAACAACACCGTGCTCAGTCTG
6481_HEK3_1	GGCGGTACAAGCTCGCCG	TTTCCTCTGCCATCACGGCGAGCTTGTACCGCCCGTGCTCAGTCTG
6504_HEK3_1	AGCTCACTGAATGAGCTT	TTTCCTCTGCCATCAAAGCTCATTCAGTGAGCTCGTGCTCAGTCTG
6628_HEK3_1	CGTTGGACGCCAACGTAT	TTTCCTCTGCCATCAATACGTTGGCGTCCAACGCGTGCTCAGTCTG
6729_HEK3_1	GAAACTAAAATGGTTTCC	TTTCCTCTGCCATCAGGAAACCATTTTAGTTTCCGTGCTCAGTCTG
6772_HEK3_1	GGGGGGCGTGGGCCCCCT	TTTCCTCTGCCATCAAGGGGGCCCACGCCCCCCCGTGCTCAGTCTG
6804_HEK3_1	GTAGCGCAACGCTAACAG	TTTCCTCTGCCATCACTGTTAGCGTTGCGCTACCGTGCTCAGTCTG
6919_HEK3_1	ATTCTCGATGGAGGAACT	TTTCCTCTGCCATCAAGTTCCTCCATCGAGAATCGTGCTCAGTCTG
7040_HEK3_1	AACTTCCCAAGGGGAAGC	TTTCCTCTGCCATCAGCTTCCCCTTGGGAAGTTCGTGCTCAGTCTG
7059_HEK3_1	CGGTTGACACACGACGTT	TTTCCTCTGCCATCAAACGTCGTGTGTCAACCGCGTGCTCAGTCTG
7201_HEK3_1	CGACGATGTAACTCGTCC	TTTCCTCTGCCATCAGGACGAGTTACATCGTCGCGTGCTCAGTCTG
7375_HEK3_1	CGCTGGTATGGAGCAGCG	TTTCCTCTGCCATCACGCTGCTCCATACCAGCGCGTGCTCAGTCTG
7393_HEK3_1	GATTATGGTACTCATAGT	TTTCCTCTGCCATCAACTATGAGTACCATAATCCGTGCTCAGTCTG
7462_HEK3_1	AGGGTGATAAGTACCCTC	TTTCCTCTGCCATCAGAGGGTACTTATCACCCTCGTGCTCAGTCTG
7582_HEK3_1	GTGTGACAAACATAAGGG	TTTCCTCTGCCATCACCCTTATGTTTGTCACACCGTGCTCAGTCTG
7587_HEK3_1	CGGACAGCGCGCGTTGTC	TTTCCTCTGCCATCAGACAACGCGCGCTGTCCGCGTGCTCAGTCTG
