name	sequence_original	sequence	target
cof_HEK3_1_1_1	GACAACCTGCTATCATAT	CAGACTGAGCACGGACAACCTGCTATCATATTGATGGCAGAGGAAA	HEK3
cof_HEK3_1_1_2	GGCCCTCTGCATGCATCC	CAGACTGAGCACGGGCCCTCTGCATGCATCCTGATGGCAGAGGAAA	HEK3
cof_HEK3_1_1_3	CTTCTGCCCCCGTCTGCC	CAGACTGAGCACGCTTCTGCCCCCGTCTGCCTGATGGCAGAGGAAA	HEK3
cof_HEK3_1_1_4	CCTTCTGTCTCGTCTCTG	CAGACTGAGCACGCCTTCTGTCTCGTCTCTGTGATGGCAGAGGAAA	HEK3
cof_HEK3_1_1_5	GCTGCCATCAACCCCCCC	CAGACTGAGCACGGCTGCCATCAACCCCCCCTGATGGCAGAGGAAA	HEK3
cof_HEK3_1_1_6	TCTGAGTTCCTCTGCCCG	CAGACTGAGCACGTCTGAGTTCCTCTGCCCGTGATGGCAGAGGAAA	HEK3
cof_HEK3_1_1_7	CACCTCTGTGATCCAAGC	CAGACTGAGCACGCACCTCTGTGATCCAAGCTGATGGCAGAGGAAA	HEK3
cof_HEK3_1_1_8	CCTCTGCACAGAAAAAAC	CAGACTGAGCACGCCTCTGCACAGAAAAAACTGATGGCAGAGGAAA	HEK3
cof_HEK3_1_1_9	CCCACTCTGCCGTCGAGG	CAGACTGAGCACGCCCACTCTGCCGTCGAGGTGATGGCAGAGGAAA	HEK3
cof_HEK3_1_1_10	AAGTCTTGTGCTATCGTG	CAGACTGAGCACGAAGTCTTGTGCTATCGTGTGATGGCAGAGGAAA	HEK3
cof_HEK3_1_1_11	ACACCTCTGCACACAACC	CAGACTGAGCACGACACCTCTGCACACAACCTGATGGCAGAGGAAA	HEK3
cof_HEK3_1_1_12	CCTCTGTCGCTCCGGTCA	CAGACTGAGCACGCCTCTGTCGCTCCGGTCATGATGGCAGAGGAAA	HEK3
cof_HEK3_1_1_13	CTCCCCCTCGGCCTCATA	CAGACTGAGCACGCTCCCCCTCGGCCTCATATGATGGCAGAGGAAA	HEK3
cof_HEK3_1_1_14	GCCTCTGCTTCATCGTAT	CAGACTGAGCACGGCCTCTGCTTCATCGTATTGATGGCAGAGGAAA	HEK3
cof_HEK3_1_1_15	AGTCCTCTTGTCATATCC	CAGACTGAGCACGAGTCCTCTTGTCATATCCTGATGGCAGAGGAAA	HEK3
cof_HEK3_1_1_16	GCCTCCTCTGCACAGCTT	CAGACTGAGCACGGCCTCCTCTGCACAGCTTTGATGGCAGAGGAAA	HEK3
cof_HEK3_1_1_17	TCCTCTGCTACTGTTGGT	CAGACTGAGCACGTCCTCTGCTACTGTTGGTTGATGGCAGAGGAAA	HEK3
cof_HEK3_1_1_18	TCGTCTGCCGCTTTACTA	CAGACTGAGCACGTCGTCTGCCGCTTTACTATGATGGCAGAGGAAA	HEK3
cof_HEK3_1_1_19	CCCTAGCCATCCTTTTTG	CAGACTGAGCACGCCCTAGCCATCCTTTTTGTGATGGCAGAGGAAA	HEK3
cof_HEK3_1_1_20	TCTCCCGATTCCTTTGCA	CAGACTGAGCACGTCTCCCGATTCCTTTGCATGATGGCAGAGGAAA	HEK3
cof_HEK3_1_1_21	AACTTCCTCTCCCACTAC	CAGACTGAGCACGAACTTCCTCTCCCACTACTGATGGCAGAGGAAA	HEK3
cof_HEK3_1_1_22	GCCTTGCCGTCATCCCGG	CAGACTGAGCACGGCCTTGCCGTCATCCCGGTGATGGCAGAGGAAA	HEK3
cof_HEK3_1_1_23	CTGCCGTCGCTCTATTGG	CAGACTGAGCACGCTGCCGTCGCTCTATTGGTGATGGCAGAGGAAA	HEK3
cof_HEK3_1_1_24	CCGCTGCCAAATACACAA	CAGACTGAGCACGCCGCTGCCAAATACACAATGATGGCAGAGGAAA	HEK3
cof_HEK3_1_1_25	TAAACCCTCGTTGCTATC	CAGACTGAGCACGTAAACCCTCGTTGCTATCTGATGGCAGAGGAAA	HEK3
cof_HEK3_1_1_26	GATGATCCCTCTGCTGGC	CAGACTGAGCACGGATGATCCCTCTGCTGGCTGATGGCAGAGGAAA	HEK3
cof_HEK3_1_1_27	GCACTGTCTTCTGCCACC	CAGACTGAGCACGGCACTGTCTTCTGCCACCTGATGGCAGAGGAAA	HEK3
cof_HEK3_1_1_28	AGCTTTGCCATACTCTTA	CAGACTGAGCACGAGCTTTGCCATACTCTTATGATGGCAGAGGAAA	HEK3
cof_HEK3_1_1_29	TTCCTCTCCGTTGGGTAT	CAGACTGAGCACGTTCCTCTCCGTTGGGTATTGATGGCAGAGGAAA	HEK3
cof_HEK3_1_1_30	ACAGCACGCTCTCTGCCG	CAGACTGAGCACGACAGCACGCTCTCTGCCGTGATGGCAGAGGAAA	HEK3
cof_HEK3_1_1_31	CGAAGTCTGCCATCCATC	CAGACTGAGCACGCGAAGTCTGCCATCCATCTGATGGCAGAGGAAA	HEK3
cof_HEK3_1_1_32	TACTCCTGCTATCAAGTA	CAGACTGAGCACGTACTCCTGCTATCAAGTATGATGGCAGAGGAAA	HEK3
cof_HEK3_1_1_33	GACTCCTTTGCGGCATCC	CAGACTGAGCACGGACTCCTTTGCGGCATCCTGATGGCAGAGGAAA	HEK3
cof_HEK3_1_1_34	ACCCTGCCAACGTCTAAT	CAGACTGAGCACGACCCTGCCAACGTCTAATTGATGGCAGAGGAAA	HEK3
cof_HEK3_1_1_35	CACTCTCACTCTGCTATG	CAGACTGAGCACGCACTCTCACTCTGCTATGTGATGGCAGAGGAAA	HEK3
cof_HEK3_1_1_36	TAACCACCTCGTGCCACC	CAGACTGAGCACGTAACCACCTCGTGCCACCTGATGGCAGAGGAAA	HEK3
cof_HEK3_1_1_37	TTGCTTCCCTGCCGTCGT	CAGACTGAGCACGTTGCTTCCCTGCCGTCGTTGATGGCAGAGGAAA	HEK3
cof_HEK3_1_1_38	CCCGTGCCGTTAGACAGT	CAGACTGAGCACGCCCGTGCCGTTAGACAGTTGATGGCAGAGGAAA	HEK3
cof_HEK3_1_1_39	GTGCTTGCCGTCATTCTC	CAGACTGAGCACGGTGCTTGCCGTCATTCTCTGATGGCAGAGGAAA	HEK3
cof_HEK3_1_1_40	GTCGTCTGCTCTCTTAAC	CAGACTGAGCACGGTCGTCTGCTCTCTTAACTGATGGCAGAGGAAA	HEK3
cof_HEK3_1_1_41	GTATATCTCTGGCATCCA	CAGACTGAGCACGGTATATCTCTGGCATCCATGATGGCAGAGGAAA	HEK3
cof_HEK3_1_1_42	GTCCTTCGTTGTGCCGTC	CAGACTGAGCACGGTCCTTCGTTGTGCCGTCTGATGGCAGAGGAAA	HEK3
cof_HEK3_1_1_43	ACCCTGGCCTCTGTCTTC	CAGACTGAGCACGACCCTGGCCTCTGTCTTCTGATGGCAGAGGAAA	HEK3
cof_HEK3_1_1_44	GTCTTCTGCCGCTCACTG	CAGACTGAGCACGGTCTTCTGCCGCTCACTGTGATGGCAGAGGAAA	HEK3
cof_HEK3_1_1_45	GCCTCGCCTATCATGAAT	CAGACTGAGCACGGCCTCGCCTATCATGAATTGATGGCAGAGGAAA	HEK3
cof_HEK3_1_1_46	CCCTTATCCGCTGCCACC	CAGACTGAGCACGCCCTTATCCGCTGCCACCTGATGGCAGAGGAAA	HEK3
cof_HEK3_1_1_47	ATTTCCTTGCTATGTTAC	CAGACTGAGCACGATTTCCTTGCTATGTTACTGATGGCAGAGGAAA	HEK3
cof_HEK3_1_1_48	ATTCTCATGTCGTCAGGT	CAGACTGAGCACGATTCTCATGTCGTCAGGTTGATGGCAGAGGAAA	HEK3
cof_HEK3_1_1_49	TCACCGCTGCCCTCTCTA	CAGACTGAGCACGTCACCGCTGCCCTCTCTATGATGGCAGAGGAAA	HEK3
cof_HEK3_1_2_1	ACGCTCTGCTTATTTACG	CAGACTGAGCACGACGCTCTGCTTATTTACGTGATGGCAGAGGAAA	HEK3
cof_HEK3_1_2_2	TCTCTGACCTCGTATAAG	CAGACTGAGCACGTCTCTGACCTCGTATAAGTGATGGCAGAGGAAA	HEK3
cof_HEK3_1_2_3	TCTCCAGCCGTCTCGACG	CAGACTGAGCACGTCTCCAGCCGTCTCGACGTGATGGCAGAGGAAA	HEK3
cof_HEK3_1_2_4	GCCTCCTTGTCTGCTAGA	CAGACTGAGCACGGCCTCCTTGTCTGCTAGATGATGGCAGAGGAAA	HEK3
cof_HEK3_1_2_5	CAAACCCCTTGCCTCATA	CAGACTGAGCACGCAAACCCCTTGCCTCATATGATGGCAGAGGAAA	HEK3
cof_HEK3_1_2_6	GCCTCGATCTCTTTGCCC	CAGACTGAGCACGGCCTCGATCTCTTTGCCCTGATGGCAGAGGAAA	HEK3
cof_HEK3_1_2_7	TCACCTATTCCTCGCTCG	CAGACTGAGCACGTCACCTATTCCTCGCTCGTGATGGCAGAGGAAA	HEK3
cof_HEK3_1_2_8	CCTTGCTGTCTTGGAAAA	CAGACTGAGCACGCCTTGCTGTCTTGGAAAATGATGGCAGAGGAAA	HEK3
cof_HEK3_1_2_9	GCTTCCTTACTCGCCGTT	CAGACTGAGCACGGCTTCCTTACTCGCCGTTTGATGGCAGAGGAAA	HEK3
cof_HEK3_1_2_10	CAAGGTCTTCGGTCATTG	CAGACTGAGCACGCAAGGTCTTCGGTCATTGTGATGGCAGAGGAAA	HEK3
cof_HEK3_1_2_11	TCCTCAAAGCCTAGAAAA	CAGACTGAGCACGTCCTCAAAGCCTAGAAAATGATGGCAGAGGAAA	HEK3
cof_HEK3_1_2_12	TATACTCCTCTCCGCCTG	CAGACTGAGCACGTATACTCCTCTCCGCCTGTGATGGCAGAGGAAA	HEK3
cof_HEK3_1_2_13	GAAACTACTGTGCCTTCA	CAGACTGAGCACGGAAACTACTGTGCCTTCATGATGGCAGAGGAAA	HEK3
cof_HEK3_1_2_14	CCTCTGCAATAAGCCTCC	CAGACTGAGCACGCCTCTGCAATAAGCCTCCTGATGGCAGAGGAAA	HEK3
cof_HEK3_1_2_15	GCCCTCTCCAGACAATCA	CAGACTGAGCACGGCCCTCTCCAGACAATCATGATGGCAGAGGAAA	HEK3
cof_HEK3_1_2_16	ACGGCCCTGCCATTGGTA	CAGACTGAGCACGACGGCCCTGCCATTGGTATGATGGCAGAGGAAA	HEK3
cof_HEK3_1_2_17	AGATCACTCTCTTTGCCC	CAGACTGAGCACGAGATCACTCTCTTTGCCCTGATGGCAGAGGAAA	HEK3
cof_HEK3_1_2_18	GTCCTCGCGTCATATAAC	CAGACTGAGCACGGTCCTCGCGTCATATAACTGATGGCAGAGGAAA	HEK3
cof_HEK3_1_2_19	GCTTCCATACGTCATCAT	CAGACTGAGCACGGCTTCCATACGTCATCATTGATGGCAGAGGAAA	HEK3
cof_HEK3_1_2_20	GTCCTTGTGTCTATCATA	CAGACTGAGCACGGTCCTTGTGTCTATCATATGATGGCAGAGGAAA	HEK3
cof_HEK3_1_2_21	TTTCTTCTACCATGACAC	CAGACTGAGCACGTTTCTTCTACCATGACACTGATGGCAGAGGAAA	HEK3
cof_HEK3_1_2_22	GCGCATCTCCTCTGAATA	CAGACTGAGCACGGCGCATCTCCTCTGAATATGATGGCAGAGGAAA	HEK3
cof_HEK3_1_2_23	ATCCTTGCCCTTAGACCT	CAGACTGAGCACGATCCTTGCCCTTAGACCTTGATGGCAGAGGAAA	HEK3
cof_HEK3_1_2_24	ACGCCGTCAAACAATCAG	CAGACTGAGCACGACGCCGTCAAACAATCAGTGATGGCAGAGGAAA	HEK3
cof_HEK3_1_2_25	TTTCTGCCCGCTAAGTTA	CAGACTGAGCACGTTTCTGCCCGCTAAGTTATGATGGCAGAGGAAA	HEK3
cof_HEK3_1_2_26	ACTCAGCTATCCACTAAT	CAGACTGAGCACGACTCAGCTATCCACTAATTGATGGCAGAGGAAA	HEK3
cof_HEK3_1_2_27	CCTTCCGCCATAATCACG	CAGACTGAGCACGCCTTCCGCCATAATCACGTGATGGCAGAGGAAA	HEK3
cof_HEK3_1_2_28	ATCTGTTTTACTGCCATA	CAGACTGAGCACGATCTGTTTTACTGCCATATGATGGCAGAGGAAA	HEK3
cof_HEK3_1_2_29	TACTTTCTCAGCTGCCGC	CAGACTGAGCACGTACTTTCTCAGCTGCCGCTGATGGCAGAGGAAA	HEK3
cof_HEK3_1_2_30	TTCACCTACTGTCCATTC	CAGACTGAGCACGTTCACCTACTGTCCATTCTGATGGCAGAGGAAA	HEK3
cof_HEK3_1_2_31	CTGAAACCTACTGCCCAA	CAGACTGAGCACGCTGAAACCTACTGCCCAATGATGGCAGAGGAAA	HEK3
cof_HEK3_1_2_32	CTGCTGCCCTTCTTGCCA	CAGACTGAGCACGCTGCTGCCCTTCTTGCCATGATGGCAGAGGAAA	HEK3
cof_HEK3_1_2_33	GCTTCCGATGTTCCTCTG	CAGACTGAGCACGGCTTCCGATGTTCCTCTGTGATGGCAGAGGAAA	HEK3
cof_HEK3_1_2_34	CTGCTATCACGGGCCGAG	CAGACTGAGCACGCTGCTATCACGGGCCGAGTGATGGCAGAGGAAA	HEK3
cof_HEK3_1_2_35	TATTTCCTAGTTGCCCGG	CAGACTGAGCACGTATTTCCTAGTTGCCCGGTGATGGCAGAGGAAA	HEK3
cof_HEK3_1_2_36	AGATTCTGCCACCTAACT	CAGACTGAGCACGAGATTCTGCCACCTAACTTGATGGCAGAGGAAA	HEK3
cof_HEK3_1_2_37	AACCTGTGGCGTCACATC	CAGACTGAGCACGAACCTGTGGCGTCACATCTGATGGCAGAGGAAA	HEK3
cof_HEK3_1_2_38	ATGCCATCATTGTCCCGC	CAGACTGAGCACGATGCCATCATTGTCCCGCTGATGGCAGAGGAAA	HEK3
cof_HEK3_1_2_39	CGAGTTGCCGTCTTCTAT	CAGACTGAGCACGCGAGTTGCCGTCTTCTATTGATGGCAGAGGAAA	HEK3
cof_HEK3_1_2_40	TCACATTTCACTCGGCCG	CAGACTGAGCACGTCACATTTCACTCGGCCGTGATGGCAGAGGAAA	HEK3
cof_HEK3_1_3_1	TTTGTTCGTGCCACGTCC	CAGACTGAGCACGTTTGTTCGTGCCACGTCCTGATGGCAGAGGAAA	HEK3
cof_HEK3_1_3_2	GGACGAGCCTGCCGTGAT	CAGACTGAGCACGGGACGAGCCTGCCGTGATTGATGGCAGAGGAAA	HEK3
cof_HEK3_1_3_3	GTTATCTAAGCTGCCGGA	CAGACTGAGCACGGTTATCTAAGCTGCCGGATGATGGCAGAGGAAA	HEK3
cof_HEK3_1_3_4	CAAATTCTGTGCTTTTCC	CAGACTGAGCACGCAAATTCTGTGCTTTTCCTGATGGCAGAGGAAA	HEK3
cof_HEK3_1_3_5	TACCTTGCCTTCGAGTAG	CAGACTGAGCACGTACCTTGCCTTCGAGTAGTGATGGCAGAGGAAA	HEK3
cof_HEK3_1_3_6	CAGACCCCCGGCTGCCAG	CAGACTGAGCACGCAGACCCCCGGCTGCCAGTGATGGCAGAGGAAA	HEK3
cof_HEK3_1_3_7	CTGGGTCCTCTTCTGTGC	CAGACTGAGCACGCTGGGTCCTCTTCTGTGCTGATGGCAGAGGAAA	HEK3
cof_HEK3_1_3_8	CGTAGCCGTCAAGCCCGT	CAGACTGAGCACGCGTAGCCGTCAAGCCCGTTGATGGCAGAGGAAA	HEK3
cof_HEK3_1_3_9	GGCGAACCCTCTGAAAGA	CAGACTGAGCACGGGCGAACCCTCTGAAAGATGATGGCAGAGGAAA	HEK3
cof_HEK3_1_3_10	ACCCTGTCTCCCACCTAG	CAGACTGAGCACGACCCTGTCTCCCACCTAGTGATGGCAGAGGAAA	HEK3
cof_HEK3_1_3_11	CTTGAACCCTTGCCTGAC	CAGACTGAGCACGCTTGAACCCTTGCCTGACTGATGGCAGAGGAAA	HEK3
cof_HEK3_1_3_12	AGCTCTGCGCAGCCAACG	CAGACTGAGCACGAGCTCTGCGCAGCCAACGTGATGGCAGAGGAAA	HEK3
cof_HEK3_1_3_13	TCCCCTGTAATTAAAAAG	CAGACTGAGCACGTCCCCTGTAATTAAAAAGTGATGGCAGAGGAAA	HEK3
cof_HEK3_1_3_14	CTTCTGTATATCCTTCAT	CAGACTGAGCACGCTTCTGTATATCCTTCATTGATGGCAGAGGAAA	HEK3
cof_HEK3_1_3_15	GTTCAGTGCCTATCGAAG	CAGACTGAGCACGGTTCAGTGCCTATCGAAGTGATGGCAGAGGAAA	HEK3
cof_HEK3_1_3_16	ACCTAGGATTTCTGCTGT	CAGACTGAGCACGACCTAGGATTTCTGCTGTTGATGGCAGAGGAAA	HEK3
cof_HEK3_1_3_17	TAGCCTCGACTATAGTGT	CAGACTGAGCACGTAGCCTCGACTATAGTGTTGATGGCAGAGGAAA	HEK3
cof_HEK3_1_3_18	GAAACCCATCCGCCACAG	CAGACTGAGCACGGAAACCCATCCGCCACAGTGATGGCAGAGGAAA	HEK3
cof_HEK3_1_3_19	TTAATACCTGCCACACAT	CAGACTGAGCACGTTAATACCTGCCACACATTGATGGCAGAGGAAA	HEK3
cof_HEK3_1_3_20	CTCTGCTTGGCATCCAAC	CAGACTGAGCACGCTCTGCTTGGCATCCAACTGATGGCAGAGGAAA	HEK3
cof_HEK3_1_3_21	AGCCTCACTTGACATCGA	CAGACTGAGCACGAGCCTCACTTGACATCGATGATGGCAGAGGAAA	HEK3
cof_HEK3_1_3_22	GTTACCTCGAACCATTCA	CAGACTGAGCACGGTTACCTCGAACCATTCATGATGGCAGAGGAAA	HEK3
cof_HEK3_1_3_23	GATCCTCACTGTGGTCCC	CAGACTGAGCACGGATCCTCACTGTGGTCCCTGATGGCAGAGGAAA	HEK3
cof_HEK3_1_3_24	TCCCTTGGCCCTCCAATG	CAGACTGAGCACGTCCCTTGGCCCTCCAATGTGATGGCAGAGGAAA	HEK3
cof_HEK3_1_3_25	AATACCTGCCCTCTACAG	CAGACTGAGCACGAATACCTGCCCTCTACAGTGATGGCAGAGGAAA	HEK3
cof_HEK3_1_3_26	GACTTGTTCTCGCCGGAT	CAGACTGAGCACGGACTTGTTCTCGCCGGATTGATGGCAGAGGAAA	HEK3
cof_HEK3_1_3_27	ACTGCTCGTTTCTCGCCC	CAGACTGAGCACGACTGCTCGTTTCTCGCCCTGATGGCAGAGGAAA	HEK3
cof_HEK3_1_3_28	ACCTGGTGCCAAAGTCGC	CAGACTGAGCACGACCTGGTGCCAAAGTCGCTGATGGCAGAGGAAA	HEK3
cof_HEK3_1_3_29	CGTTCCACTGCTGGCTCC	CAGACTGAGCACGCGTTCCACTGCTGGCTCCTGATGGCAGAGGAAA	HEK3
cof_HEK3_1_3_30	ATCCTTGTCTCAATAGTT	CAGACTGAGCACGATCCTTGTCTCAATAGTTTGATGGCAGAGGAAA	HEK3
cof_HEK3_1_3_31	TTAGGTTCCTTTACGTCC	CAGACTGAGCACGTTAGGTTCCTTTACGTCCTGATGGCAGAGGAAA	HEK3
cof_HEK3_1_3_32	TCCAAGCCTCTAGCGATA	CAGACTGAGCACGTCCAAGCCTCTAGCGATATGATGGCAGAGGAAA	HEK3
cof_HEK3_1_3_33	TGACTGCCGTGGACACAA	CAGACTGAGCACGTGACTGCCGTGGACACAATGATGGCAGAGGAAA	HEK3
cof_HEK3_1_3_34	GAAACTCTGCGCAAAGGC	CAGACTGAGCACGGAAACTCTGCGCAAAGGCTGATGGCAGAGGAAA	HEK3
cof_HEK3_1_3_35	CCGCTGCTTATTCGAGTC	CAGACTGAGCACGCCGCTGCTTATTCGAGTCTGATGGCAGAGGAAA	HEK3
cof_HEK3_1_3_36	TACTGCCACGACAACGAT	CAGACTGAGCACGTACTGCCACGACAACGATTGATGGCAGAGGAAA	HEK3
cof_HEK3_1_3_37	TGATGCTGCCCGTCCGAC	CAGACTGAGCACGTGATGCTGCCCGTCCGACTGATGGCAGAGGAAA	HEK3
cof_HEK3_1_3_38	AATCCTGGACCCTCTGAT	CAGACTGAGCACGAATCCTGGACCCTCTGATTGATGGCAGAGGAAA	HEK3
cof_HEK3_1_3_39	TCCTCGCGCACGACCCCA	CAGACTGAGCACGTCCTCGCGCACGACCCCATGATGGCAGAGGAAA	HEK3
cof_HEK3_1_3_40	GACATCTTTGCAGTCAGG	CAGACTGAGCACGGACATCTTTGCAGTCAGGTGATGGCAGAGGAAA	HEK3
cof_HEK3_1_4_1	CGGTTTTGTATCTGCTTC	CAGACTGAGCACGCGGTTTTGTATCTGCTTCTGATGGCAGAGGAAA	HEK3
cof_HEK3_1_4_2	CTATTAAGCCCTGCACTA	CAGACTGAGCACGCTATTAAGCCCTGCACTATGATGGCAGAGGAAA	HEK3
cof_HEK3_1_4_3	ACATCGACCTCATGGCAA	CAGACTGAGCACGACATCGACCTCATGGCAATGATGGCAGAGGAAA	HEK3
cof_HEK3_1_4_4	GTTCGCGTGCGCCATTAG	CAGACTGAGCACGGTTCGCGTGCGCCATTAGTGATGGCAGAGGAAA	HEK3
cof_HEK3_1_4_5	ATATGTCCATATCTGTTT	CAGACTGAGCACGATATGTCCATATCTGTTTTGATGGCAGAGGAAA	HEK3
cof_HEK3_1_4_6	CGGTACTTTCTGCGAACA	CAGACTGAGCACGCGGTACTTTCTGCGAACATGATGGCAGAGGAAA	HEK3
cof_HEK3_1_4_7	AACCTCGTTACAATAGAC	CAGACTGAGCACGAACCTCGTTACAATAGACTGATGGCAGAGGAAA	HEK3
cof_HEK3_1_4_8	TCTTTAGCTCCTGACCAT	CAGACTGAGCACGTCTTTAGCTCCTGACCATTGATGGCAGAGGAAA	HEK3
cof_HEK3_1_4_9	GCCGATGCTGTGAAGGAA	CAGACTGAGCACGGCCGATGCTGTGAAGGAATGATGGCAGAGGAAA	HEK3
cof_HEK3_1_4_10	CTTTGCTTAATTATGTAT	CAGACTGAGCACGCTTTGCTTAATTATGTATTGATGGCAGAGGAAA	HEK3
cof_HEK3_1_4_11	TATACCCATGTACGTCGT	CAGACTGAGCACGTATACCCATGTACGTCGTTGATGGCAGAGGAAA	HEK3
cof_HEK3_1_4_12	TGGTCTGTGGCTTATCAC	CAGACTGAGCACGTGGTCTGTGGCTTATCACTGATGGCAGAGGAAA	HEK3
cof_HEK3_1_4_13	TCCAGCTTGCTCGTAACA	CAGACTGAGCACGTCCAGCTTGCTCGTAACATGATGGCAGAGGAAA	HEK3
cof_HEK3_1_4_14	TAACCTCTATCTTGCGCA	CAGACTGAGCACGTAACCTCTATCTTGCGCATGATGGCAGAGGAAA	HEK3
cof_HEK3_1_4_15	ATGGACACCGGCTGCAGT	CAGACTGAGCACGATGGACACCGGCTGCAGTTGATGGCAGAGGAAA	HEK3
cof_HEK3_1_4_16	AACGTGATGCTGCCAGCC	CAGACTGAGCACGAACGTGATGCTGCCAGCCTGATGGCAGAGGAAA	HEK3
cof_HEK3_1_4_17	TCCTGCTCTTCGAACGTG	CAGACTGAGCACGTCCTGCTCTTCGAACGTGTGATGGCAGAGGAAA	HEK3
cof_HEK3_1_4_18	ACACGCTTTGACCGTAAA	CAGACTGAGCACGACACGCTTTGACCGTAAATGATGGCAGAGGAAA	HEK3
cof_HEK3_1_4_19	GCCAATATGCCACAGTCA	CAGACTGAGCACGGCCAATATGCCACAGTCATGATGGCAGAGGAAA	HEK3
cof_HEK3_1_4_20	CTCTTACCCAAGCTGCTT	CAGACTGAGCACGCTCTTACCCAAGCTGCTTTGATGGCAGAGGAAA	HEK3
cof_HEK3_1_4_21	ATCTGTCCCTTCGAGTCA	CAGACTGAGCACGATCTGTCCCTTCGAGTCATGATGGCAGAGGAAA	HEK3
cof_HEK3_1_4_22	TCAGTCATCACCTGTTGC	CAGACTGAGCACGTCAGTCATCACCTGTTGCTGATGGCAGAGGAAA	HEK3
cof_HEK3_1_4_23	CGGACCATCTGTTAGGGG	CAGACTGAGCACGCGGACCATCTGTTAGGGGTGATGGCAGAGGAAA	HEK3
cof_HEK3_1_4_24	GTTCCAGACATGCGATTC	CAGACTGAGCACGGTTCCAGACATGCGATTCTGATGGCAGAGGAAA	HEK3
cof_HEK3_1_4_25	CTTCAGCTTCTCCGACAA	CAGACTGAGCACGCTTCAGCTTCTCCGACAATGATGGCAGAGGAAA	HEK3
cof_HEK3_1_4_26	CGCATCCTATAGCCCTGA	CAGACTGAGCACGCGCATCCTATAGCCCTGATGATGGCAGAGGAAA	HEK3
cof_HEK3_1_4_27	ATGCTCTGACGTGTACTC	CAGACTGAGCACGATGCTCTGACGTGTACTCTGATGGCAGAGGAAA	HEK3
cof_HEK3_1_4_28	CACACGTCACTCTGAAGG	CAGACTGAGCACGCACACGTCACTCTGAAGGTGATGGCAGAGGAAA	HEK3
cof_HEK3_1_4_29	CCCAGTCTGGCTCTGTGT	CAGACTGAGCACGCCCAGTCTGGCTCTGTGTTGATGGCAGAGGAAA	HEK3
cof_HEK3_1_4_30	ACCACAAACCCTTTGCGG	CAGACTGAGCACGACCACAAACCCTTTGCGGTGATGGCAGAGGAAA	HEK3
cof_HEK3_1_4_31	ATGCTGTCGGCTACACAT	CAGACTGAGCACGATGCTGTCGGCTACACATTGATGGCAGAGGAAA	HEK3
cof_HEK3_1_4_32	AGCTCCCCCCGCTCATCA	CAGACTGAGCACGAGCTCCCCCCGCTCATCATGATGGCAGAGGAAA	HEK3
cof_HEK3_1_4_33	GGCCCTGCATTGCTTCTA	CAGACTGAGCACGGGCCCTGCATTGCTTCTATGATGGCAGAGGAAA	HEK3
cof_HEK3_1_4_34	GTCTTATATTCTTCGGCT	CAGACTGAGCACGGTCTTATATTCTTCGGCTTGATGGCAGAGGAAA	HEK3
cof_HEK3_1_4_35	GCCTACCATCGCGCAACC	CAGACTGAGCACGGCCTACCATCGCGCAACCTGATGGCAGAGGAAA	HEK3
cof_HEK3_1_4_36	CATCTGACGCCACACCTC	CAGACTGAGCACGCATCTGACGCCACACCTCTGATGGCAGAGGAAA	HEK3
cof_HEK3_1_4_37	TATTAATCTTCGCAGCCT	CAGACTGAGCACGTATTAATCTTCGCAGCCTTGATGGCAGAGGAAA	HEK3
cof_HEK3_1_4_38	TCACTGTGGCATAGGGCA	CAGACTGAGCACGTCACTGTGGCATAGGGCATGATGGCAGAGGAAA	HEK3
cof_HEK3_1_4_39	TCCTGGCCGTTCGGCATT	CAGACTGAGCACGTCCTGGCCGTTCGGCATTTGATGGCAGAGGAAA	HEK3
cof_HEK3_1_4_40	GGACGTGAGAACCTGCCG	CAGACTGAGCACGGGACGTGAGAACCTGCCGTGATGGCAGAGGAAA	HEK3
cof_HEK3_1_5_1	AAGGTTCACGGCCAACGA	CAGACTGAGCACGAAGGTTCACGGCCAACGATGATGGCAGAGGAAA	HEK3
cof_HEK3_1_5_2	GAAACCTTTCGGCTCGCG	CAGACTGAGCACGGAAACCTTTCGGCTCGCGTGATGGCAGAGGAAA	HEK3
cof_HEK3_1_5_3	CCTTAACACGTTACAAGT	CAGACTGAGCACGCCTTAACACGTTACAAGTTGATGGCAGAGGAAA	HEK3
cof_HEK3_1_5_4	CCCTATTTGAACCATGCG	CAGACTGAGCACGCCCTATTTGAACCATGCGTGATGGCAGAGGAAA	HEK3
cof_HEK3_1_5_5	ACAGCGGTCGCCAGGATG	CAGACTGAGCACGACAGCGGTCGCCAGGATGTGATGGCAGAGGAAA	HEK3
cof_HEK3_1_5_6	CTCATCCGTGACAGCTAT	CAGACTGAGCACGCTCATCCGTGACAGCTATTGATGGCAGAGGAAA	HEK3
cof_HEK3_1_5_7	AAAGACCCACTTGCACAC	CAGACTGAGCACGAAAGACCCACTTGCACACTGATGGCAGAGGAAA	HEK3
cof_HEK3_1_5_8	TCGACTGATGGCCGATTA	CAGACTGAGCACGTCGACTGATGGCCGATTATGATGGCAGAGGAAA	HEK3
cof_HEK3_1_5_9	GACAACGCCATGAGTACG	CAGACTGAGCACGGACAACGCCATGAGTACGTGATGGCAGAGGAAA	HEK3
cof_HEK3_1_5_10	GATGTTAGATCTTTGGCG	CAGACTGAGCACGGATGTTAGATCTTTGGCGTGATGGCAGAGGAAA	HEK3
cof_HEK3_1_5_11	ACTAACGTCGCGCTCTTC	CAGACTGAGCACGACTAACGTCGCGCTCTTCTGATGGCAGAGGAAA	HEK3
cof_HEK3_1_5_12	GATCTCCCCAAATACTAC	CAGACTGAGCACGGATCTCCCCAAATACTACTGATGGCAGAGGAAA	HEK3
cof_HEK3_1_5_13	TCGTTCTTAGACTGTAAT	CAGACTGAGCACGTCGTTCTTAGACTGTAATTGATGGCAGAGGAAA	HEK3
cof_HEK3_1_5_14	CTAGTAATGATGCATCAG	CAGACTGAGCACGCTAGTAATGATGCATCAGTGATGGCAGAGGAAA	HEK3
cof_HEK3_1_5_15	ACATTTCTGGTGGCGGTG	CAGACTGAGCACGACATTTCTGGTGGCGGTGTGATGGCAGAGGAAA	HEK3
cof_HEK3_1_5_16	TAGTCTCTTCTGAGCGCC	CAGACTGAGCACGTAGTCTCTTCTGAGCGCCTGATGGCAGAGGAAA	HEK3
cof_HEK3_1_5_17	TATAGTTGATGCCAACGT	CAGACTGAGCACGTATAGTTGATGCCAACGTTGATGGCAGAGGAAA	HEK3
cof_HEK3_1_5_18	CCGGAATCTTCCAGCCTT	CAGACTGAGCACGCCGGAATCTTCCAGCCTTTGATGGCAGAGGAAA	HEK3
cof_HEK3_1_5_19	ACTTTCCAGTTTGTGTTG	CAGACTGAGCACGACTTTCCAGTTTGTGTTGTGATGGCAGAGGAAA	HEK3
cof_HEK3_1_5_20	TTAACTAGCCGGTGAACC	CAGACTGAGCACGTTAACTAGCCGGTGAACCTGATGGCAGAGGAAA	HEK3
cof_HEK3_1_5_21	AGATATATCCACATGCGT	CAGACTGAGCACGAGATATATCCACATGCGTTGATGGCAGAGGAAA	HEK3
cof_HEK3_1_5_22	CCTCGGCAATGGTTTGGA	CAGACTGAGCACGCCTCGGCAATGGTTTGGATGATGGCAGAGGAAA	HEK3
cof_HEK3_1_5_23	TTCATTCGTTGTCCCCGT	CAGACTGAGCACGTTCATTCGTTGTCCCCGTTGATGGCAGAGGAAA	HEK3
cof_HEK3_1_5_24	GCCAATACTCGTCCCCTG	CAGACTGAGCACGGCCAATACTCGTCCCCTGTGATGGCAGAGGAAA	HEK3
cof_HEK3_1_5_25	TAGACAGAAGCCGGTGAA	CAGACTGAGCACGTAGACAGAAGCCGGTGAATGATGGCAGAGGAAA	HEK3
cof_HEK3_1_5_26	CTTGTATGGCGATCTCTC	CAGACTGAGCACGCTTGTATGGCGATCTCTCTGATGGCAGAGGAAA	HEK3
cof_HEK3_1_5_27	TCCGCAGGCGGGCCATAT	CAGACTGAGCACGTCCGCAGGCGGGCCATATTGATGGCAGAGGAAA	HEK3
cof_HEK3_1_5_28	GATATCATTCTAGTCGCC	CAGACTGAGCACGGATATCATTCTAGTCGCCTGATGGCAGAGGAAA	HEK3
cof_HEK3_1_5_29	CAGAAATCCGGACATCGC	CAGACTGAGCACGCAGAAATCCGGACATCGCTGATGGCAGAGGAAA	HEK3
cof_HEK3_1_5_30	CACTGCTAGAGCCGTATG	CAGACTGAGCACGCACTGCTAGAGCCGTATGTGATGGCAGAGGAAA	HEK3
cof_HEK3_1_5_31	CCGCGATACCTGAGGCCG	CAGACTGAGCACGCCGCGATACCTGAGGCCGTGATGGCAGAGGAAA	HEK3
cof_HEK3_1_5_32	CGTTAGCCCACTGCAAGC	CAGACTGAGCACGCGTTAGCCCACTGCAAGCTGATGGCAGAGGAAA	HEK3
cof_HEK3_1_5_33	GCAAACTCGCTTAAGTCA	CAGACTGAGCACGGCAAACTCGCTTAAGTCATGATGGCAGAGGAAA	HEK3
cof_HEK3_1_5_34	TATAGAAATCCGATGTAG	CAGACTGAGCACGTATAGAAATCCGATGTAGTGATGGCAGAGGAAA	HEK3
cof_HEK3_1_5_35	CCGTCCCATTTTTGATCT	CAGACTGAGCACGCCGTCCCATTTTTGATCTTGATGGCAGAGGAAA	HEK3
cof_HEK3_1_5_36	TTTGGCGTTTTGACCTGT	CAGACTGAGCACGTTTGGCGTTTTGACCTGTTGATGGCAGAGGAAA	HEK3
cof_HEK3_1_5_37	CGTATGCACCTTTGTACG	CAGACTGAGCACGCGTATGCACCTTTGTACGTGATGGCAGAGGAAA	HEK3
cof_HEK3_1_5_38	CTAAGTCCAGTCGTGATA	CAGACTGAGCACGCTAAGTCCAGTCGTGATATGATGGCAGAGGAAA	HEK3
cof_HEK3_1_5_39	CTCTCGGGCAGTCGGCTA	CAGACTGAGCACGCTCTCGGGCAGTCGGCTATGATGGCAGAGGAAA	HEK3
cof_HEK3_1_5_40	AAGCCATTAGGCCTTATG	CAGACTGAGCACGAAGCCATTAGGCCTTATGTGATGGCAGAGGAAA	HEK3
cof_HEK3_1_6_1	GCCACGTAGTGTGCTCTA	CAGACTGAGCACGGCCACGTAGTGTGCTCTATGATGGCAGAGGAAA	HEK3
cof_HEK3_1_6_2	ATAGCCCCGATATAACCA	CAGACTGAGCACGATAGCCCCGATATAACCATGATGGCAGAGGAAA	HEK3
cof_HEK3_1_6_3	GACTACAAACTTTGGGCG	CAGACTGAGCACGGACTACAAACTTTGGGCGTGATGGCAGAGGAAA	HEK3
cof_HEK3_1_6_4	CTAACTGGACACATCTTG	CAGACTGAGCACGCTAACTGGACACATCTTGTGATGGCAGAGGAAA	HEK3
cof_HEK3_1_6_5	GAACGTGTGTCTTTGTTC	CAGACTGAGCACGGAACGTGTGTCTTTGTTCTGATGGCAGAGGAAA	HEK3
cof_HEK3_1_6_6	GGGTGCAGCGAGCCATGG	CAGACTGAGCACGGGGTGCAGCGAGCCATGGTGATGGCAGAGGAAA	HEK3
cof_HEK3_1_6_7	GACCAGTGTTGGCCTTAT	CAGACTGAGCACGGACCAGTGTTGGCCTTATTGATGGCAGAGGAAA	HEK3
cof_HEK3_1_6_8	ATGGTGACTATCTCCCAC	CAGACTGAGCACGATGGTGACTATCTCCCACTGATGGCAGAGGAAA	HEK3
cof_HEK3_1_6_9	AACGACAACTCTAAGGTG	CAGACTGAGCACGAACGACAACTCTAAGGTGTGATGGCAGAGGAAA	HEK3
cof_HEK3_1_6_10	TTGTTTGCAACCAGACCG	CAGACTGAGCACGTTGTTTGCAACCAGACCGTGATGGCAGAGGAAA	HEK3
cof_HEK3_1_6_11	CCTCGGTTCGCGAGTTTT	CAGACTGAGCACGCCTCGGTTCGCGAGTTTTTGATGGCAGAGGAAA	HEK3
cof_HEK3_1_6_12	TCCACTATTACGGTTCGT	CAGACTGAGCACGTCCACTATTACGGTTCGTTGATGGCAGAGGAAA	HEK3
cof_HEK3_1_6_13	AGCTTTCAATTCAAGTAG	CAGACTGAGCACGAGCTTTCAATTCAAGTAGTGATGGCAGAGGAAA	HEK3
cof_HEK3_1_6_14	GGTCTCACTAAGTATAGT	CAGACTGAGCACGGGTCTCACTAAGTATAGTTGATGGCAGAGGAAA	HEK3
cof_HEK3_1_6_15	CCCAGGGTCAGAAGATTG	CAGACTGAGCACGCCCAGGGTCAGAAGATTGTGATGGCAGAGGAAA	HEK3
cof_HEK3_1_6_16	CCTAGACTAATATTATCG	CAGACTGAGCACGCCTAGACTAATATTATCGTGATGGCAGAGGAAA	HEK3
cof_HEK3_1_6_17	CACAAATCGCGTAATCCG	CAGACTGAGCACGCACAAATCGCGTAATCCGTGATGGCAGAGGAAA	HEK3
cof_HEK3_1_6_18	TGAAATCGAGTAGAGCCT	CAGACTGAGCACGTGAAATCGAGTAGAGCCTTGATGGCAGAGGAAA	HEK3
cof_HEK3_1_6_19	CACGCAACCGATTGCTCG	CAGACTGAGCACGCACGCAACCGATTGCTCGTGATGGCAGAGGAAA	HEK3
cof_HEK3_1_6_20	TCTACCACTGAAATGGGG	CAGACTGAGCACGTCTACCACTGAAATGGGGTGATGGCAGAGGAAA	HEK3
cof_HEK3_1_6_21	AACTCGGGTGGAGCTCCT	CAGACTGAGCACGAACTCGGGTGGAGCTCCTTGATGGCAGAGGAAA	HEK3
cof_HEK3_1_6_22	ACAACCGATGTAGTTTGA	CAGACTGAGCACGACAACCGATGTAGTTTGATGATGGCAGAGGAAA	HEK3
cof_HEK3_1_6_23	TAAGGTTGATCGTTTGGA	CAGACTGAGCACGTAAGGTTGATCGTTTGGATGATGGCAGAGGAAA	HEK3
cof_HEK3_1_6_24	TGCTCACGAAACGCACCA	CAGACTGAGCACGTGCTCACGAAACGCACCATGATGGCAGAGGAAA	HEK3
cof_HEK3_1_6_25	AACCTGATGAACGTCTGG	CAGACTGAGCACGAACCTGATGAACGTCTGGTGATGGCAGAGGAAA	HEK3
cof_HEK3_1_6_26	GATTGTTCTAGGGCGATC	CAGACTGAGCACGGATTGTTCTAGGGCGATCTGATGGCAGAGGAAA	HEK3
cof_HEK3_1_6_27	TCGTTGCTCCCGCTGCGA	CAGACTGAGCACGTCGTTGCTCCCGCTGCGATGATGGCAGAGGAAA	HEK3
cof_HEK3_1_6_28	TTCAGAACACCATAACCA	CAGACTGAGCACGTTCAGAACACCATAACCATGATGGCAGAGGAAA	HEK3
cof_HEK3_1_6_29	GGACTAGCTCCCTCGAAC	CAGACTGAGCACGGGACTAGCTCCCTCGAACTGATGGCAGAGGAAA	HEK3
cof_HEK3_1_6_30	CTTGTGATACGGCTTCTT	CAGACTGAGCACGCTTGTGATACGGCTTCTTTGATGGCAGAGGAAA	HEK3
cof_HEK3_1_6_31	CGTATAACGTCAATCGTG	CAGACTGAGCACGCGTATAACGTCAATCGTGTGATGGCAGAGGAAA	HEK3
cof_HEK3_1_6_32	GCTTTTAGGACTATTCAT	CAGACTGAGCACGGCTTTTAGGACTATTCATTGATGGCAGAGGAAA	HEK3
cof_HEK3_1_6_33	GGACGATACTTGGCGTTG	CAGACTGAGCACGGGACGATACTTGGCGTTGTGATGGCAGAGGAAA	HEK3
cof_HEK3_1_6_34	ATCTTGGTAATAATCTTT	CAGACTGAGCACGATCTTGGTAATAATCTTTTGATGGCAGAGGAAA	HEK3
cof_HEK3_1_6_35	GAATTGCGGCAAAGGTCC	CAGACTGAGCACGGAATTGCGGCAAAGGTCCTGATGGCAGAGGAAA	HEK3
cof_HEK3_1_6_36	GAATGGAATGCGGCTCAA	CAGACTGAGCACGGAATGGAATGCGGCTCAATGATGGCAGAGGAAA	HEK3
cof_HEK3_1_6_37	GGGAACAATAGCCAAGAC	CAGACTGAGCACGGGGAACAATAGCCAAGACTGATGGCAGAGGAAA	HEK3
cof_HEK3_1_6_38	GAACGGACGGCCCCTTAG	CAGACTGAGCACGGAACGGACGGCCCCTTAGTGATGGCAGAGGAAA	HEK3
cof_HEK3_1_6_39	TTACGAGTCGTACGCGCT	CAGACTGAGCACGTTACGAGTCGTACGCGCTTGATGGCAGAGGAAA	HEK3
cof_HEK3_1_6_40	TTGCTTGACACTTCGTAG	CAGACTGAGCACGTTGCTTGACACTTCGTAGTGATGGCAGAGGAAA	HEK3
cof_HEK3_1_7_1	GAAAGCGACTAGCGCATT	CAGACTGAGCACGGAAAGCGACTAGCGCATTTGATGGCAGAGGAAA	HEK3
cof_HEK3_1_7_2	TGTACTACGATCACTAAG	CAGACTGAGCACGTGTACTACGATCACTAAGTGATGGCAGAGGAAA	HEK3
cof_HEK3_1_7_3	TAACAACGCGGAATATAG	CAGACTGAGCACGTAACAACGCGGAATATAGTGATGGCAGAGGAAA	HEK3
cof_HEK3_1_7_4	CGAATCAAAGATCAGTGT	CAGACTGAGCACGCGAATCAAAGATCAGTGTTGATGGCAGAGGAAA	HEK3
cof_HEK3_1_7_5	GACCAAATCCATTGGTAG	CAGACTGAGCACGGACCAAATCCATTGGTAGTGATGGCAGAGGAAA	HEK3
cof_HEK3_1_7_6	GCGCTAAGCAAATAGGAT	CAGACTGAGCACGGCGCTAAGCAAATAGGATTGATGGCAGAGGAAA	HEK3
cof_HEK3_1_7_7	AGTTCGGGACGGTCTACA	CAGACTGAGCACGAGTTCGGGACGGTCTACATGATGGCAGAGGAAA	HEK3
cof_HEK3_1_7_8	GAGCTTTAGAACGCGATG	CAGACTGAGCACGGAGCTTTAGAACGCGATGTGATGGCAGAGGAAA	HEK3
cof_HEK3_1_7_9	AAACGCAAATAGCATGGA	CAGACTGAGCACGAAACGCAAATAGCATGGATGATGGCAGAGGAAA	HEK3
cof_HEK3_1_7_10	CAACGCAACAATGCTGGA	CAGACTGAGCACGCAACGCAACAATGCTGGATGATGGCAGAGGAAA	HEK3
cof_HEK3_1_7_11	CTTCGTACTTTAGGAGTA	CAGACTGAGCACGCTTCGTACTTTAGGAGTATGATGGCAGAGGAAA	HEK3
cof_HEK3_1_7_12	ATGCGAATGAGTGACAAT	CAGACTGAGCACGATGCGAATGAGTGACAATTGATGGCAGAGGAAA	HEK3
cof_HEK3_1_7_13	CCGGTCGGAGACGGGCTC	CAGACTGAGCACGCCGGTCGGAGACGGGCTCTGATGGCAGAGGAAA	HEK3
cof_HEK3_1_7_14	ATAAACATATTTTACGTT	CAGACTGAGCACGATAAACATATTTTACGTTTGATGGCAGAGGAAA	HEK3
cof_HEK3_1_7_15	GGGTTGTAGGCGAGCGCT	CAGACTGAGCACGGGGTTGTAGGCGAGCGCTTGATGGCAGAGGAAA	HEK3
cof_HEK3_1_7_16	CTAATTAACGCATACGTA	CAGACTGAGCACGCTAATTAACGCATACGTATGATGGCAGAGGAAA	HEK3
cof_HEK3_1_7_17	TGCTTGCGGCAACTTGGC	CAGACTGAGCACGTGCTTGCGGCAACTTGGCTGATGGCAGAGGAAA	HEK3
cof_HEK3_1_7_18	CGATCGTACAACAGCACA	CAGACTGAGCACGCGATCGTACAACAGCACATGATGGCAGAGGAAA	HEK3
cof_HEK3_1_7_19	TCGTCGAAATGTGCGAGG	CAGACTGAGCACGTCGTCGAAATGTGCGAGGTGATGGCAGAGGAAA	HEK3
cof_HEK3_1_7_20	AGGTCTAACTTACCTACG	CAGACTGAGCACGAGGTCTAACTTACCTACGTGATGGCAGAGGAAA	HEK3
cof_HEK3_1_7_21	AGACGATAAGCGATACCT	CAGACTGAGCACGAGACGATAAGCGATACCTTGATGGCAGAGGAAA	HEK3
cof_HEK3_1_7_22	CCGAAGGGGACGCCCTCT	CAGACTGAGCACGCCGAAGGGGACGCCCTCTTGATGGCAGAGGAAA	HEK3
cof_HEK3_1_7_23	TAACAGACCGAGATTCTG	CAGACTGAGCACGTAACAGACCGAGATTCTGTGATGGCAGAGGAAA	HEK3
cof_HEK3_1_7_24	TGTACTACTTATGATGCG	CAGACTGAGCACGTGTACTACTTATGATGCGTGATGGCAGAGGAAA	HEK3
cof_HEK3_1_7_25	GCCCGGCAGTTGCTGGAG	CAGACTGAGCACGGCCCGGCAGTTGCTGGAGTGATGGCAGAGGAAA	HEK3
cof_HEK3_1_7_26	AACAAGGGCGTGAGTTAT	CAGACTGAGCACGAACAAGGGCGTGAGTTATTGATGGCAGAGGAAA	HEK3
cof_HEK3_1_7_27	ACGTACGCTGCAGGGGCA	CAGACTGAGCACGACGTACGCTGCAGGGGCATGATGGCAGAGGAAA	HEK3
cof_HEK3_1_7_28	GGAAGAGGCCTAGTGGGC	CAGACTGAGCACGGGAAGAGGCCTAGTGGGCTGATGGCAGAGGAAA	HEK3
cof_HEK3_1_7_29	AAATAGAAAGACGGCTCT	CAGACTGAGCACGAAATAGAAAGACGGCTCTTGATGGCAGAGGAAA	HEK3
cof_HEK3_1_7_30	TGAAATACCACAAAACGT	CAGACTGAGCACGTGAAATACCACAAAACGTTGATGGCAGAGGAAA	HEK3
cof_HEK3_1_7_31	TGGTCGTACCGCAATGTC	CAGACTGAGCACGTGGTCGTACCGCAATGTCTGATGGCAGAGGAAA	HEK3
cof_HEK3_1_7_32	GATAAACGTAGGAGAGCC	CAGACTGAGCACGGATAAACGTAGGAGAGCCTGATGGCAGAGGAAA	HEK3
cof_HEK3_1_7_33	GCGTCGGGTAGAGACTTA	CAGACTGAGCACGGCGTCGGGTAGAGACTTATGATGGCAGAGGAAA	HEK3
cof_HEK3_1_7_34	TAGGTAACGGATGCTTCG	CAGACTGAGCACGTAGGTAACGGATGCTTCGTGATGGCAGAGGAAA	HEK3
cof_HEK3_1_7_35	GGAGTCGAAGCAGCATGT	CAGACTGAGCACGGGAGTCGAAGCAGCATGTTGATGGCAGAGGAAA	HEK3
cof_HEK3_1_7_36	GATATGATAGAGAACTTC	CAGACTGAGCACGGATATGATAGAGAACTTCTGATGGCAGAGGAAA	HEK3
cof_HEK3_1_7_37	CGGCAATTAAACCGGTGC	CAGACTGAGCACGCGGCAATTAAACCGGTGCTGATGGCAGAGGAAA	HEK3
cof_HEK3_1_7_38	GTCGACAGTGATCGCGGT	CAGACTGAGCACGGTCGACAGTGATCGCGGTTGATGGCAGAGGAAA	HEK3
cof_HEK3_1_7_39	CGGCGTTGTATAACTAAG	CAGACTGAGCACGCGGCGTTGTATAACTAAGTGATGGCAGAGGAAA	HEK3
cof_HEK3_1_7_40	GGGGCAGATCACTATGTC	CAGACTGAGCACGGGGGCAGATCACTATGTCTGATGGCAGAGGAAA	HEK3
98_HEK3_1	TTTACACCGATGGGTGGC	CAGACTGAGCACGTTTACACCGATGGGTGGCTGATGGCAGAGGAAA	HEK3
112_HEK3_1	CCGGCAAATGTATTCGGA	CAGACTGAGCACGCCGGCAAATGTATTCGGATGATGGCAGAGGAAA	HEK3
116_HEK3_1	GAAGTACTTAACGTGCTA	CAGACTGAGCACGGAAGTACTTAACGTGCTATGATGGCAGAGGAAA	HEK3
312_HEK3_1	GCGATCCTAGTAGGGTTG	CAGACTGAGCACGGCGATCCTAGTAGGGTTGTGATGGCAGAGGAAA	HEK3
339_HEK3_1	TAGTACGCGGAGATGTGC	CAGACTGAGCACGTAGTACGCGGAGATGTGCTGATGGCAGAGGAAA	HEK3
504_HEK3_1	CCGCGTACGGGTGGTGAC	CAGACTGAGCACGCCGCGTACGGGTGGTGACTGATGGCAGAGGAAA	HEK3
699_HEK3_1	AACTAAAAAATTTAGATC	CAGACTGAGCACGAACTAAAAAATTTAGATCTGATGGCAGAGGAAA	HEK3
726_HEK3_1	CAGGAACGAATCGTTCGA	CAGACTGAGCACGCAGGAACGAATCGTTCGATGATGGCAGAGGAAA	HEK3
879_HEK3_1	TCGACGTGTATAAACGGG	CAGACTGAGCACGTCGACGTGTATAAACGGGTGATGGCAGAGGAAA	HEK3
1022_HEK3_1	CCCACAACGTATGTGGTG	CAGACTGAGCACGCCCACAACGTATGTGGTGTGATGGCAGAGGAAA	HEK3
1213_HEK3_1	AGCTGCATGTATGCGGTA	CAGACTGAGCACGAGCTGCATGTATGCGGTATGATGGCAGAGGAAA	HEK3
1348_HEK3_1	CTTGGTGTAATATCAAGG	CAGACTGAGCACGCTTGGTGTAATATCAAGGTGATGGCAGAGGAAA	HEK3
1456_HEK3_1	TACACATGCAAGCATGTG	CAGACTGAGCACGTACACATGCAAGCATGTGTGATGGCAGAGGAAA	HEK3
1464_HEK3_1	AGCCTTATAAAGGCGAAG	CAGACTGAGCACGAGCCTTATAAAGGCGAAGTGATGGCAGAGGAAA	HEK3
1495_HEK3_1	TCGTCGCAATAGTGACGT	CAGACTGAGCACGTCGTCGCAATAGTGACGTTGATGGCAGAGGAAA	HEK3
1502_HEK3_1	AGGCAACGGCTTGTTGTC	CAGACTGAGCACGAGGCAACGGCTTGTTGTCTGATGGCAGAGGAAA	HEK3
1636_HEK3_1	AATAGATATATGATGACT	CAGACTGAGCACGAATAGATATATGATGACTTGATGGCAGAGGAAA	HEK3
1663_HEK3_1	CCCCGTGCACAGGGGCAT	CAGACTGAGCACGCCCCGTGCACAGGGGCATTGATGGCAGAGGAAA	HEK3
1724_HEK3_1	CCGTTAGTATGAACGGCT	CAGACTGAGCACGCCGTTAGTATGAACGGCTTGATGGCAGAGGAAA	HEK3
1739_HEK3_1	GGGGTTCGGTACGAGCCT	CAGACTGAGCACGGGGGTTCGGTACGAGCCTTGATGGCAGAGGAAA	HEK3
1804_HEK3_1	GGGTTCTTATTAGAGAGC	CAGACTGAGCACGGGGTTCTTATTAGAGAGCTGATGGCAGAGGAAA	HEK3
1812_HEK3_1	GGGGCGTAAAATGCCTTA	CAGACTGAGCACGGGGGCGTAAAATGCCTTATGATGGCAGAGGAAA	HEK3
1829_HEK3_1	GTCTACAACAGACAGGAC	CAGACTGAGCACGGTCTACAACAGACAGGACTGATGGCAGAGGAAA	HEK3
1871_HEK3_1	ACGTAGGCGATGGCTGCG	CAGACTGAGCACGACGTAGGCGATGGCTGCGTGATGGCAGAGGAAA	HEK3
1887_HEK3_1	CCCGTATCTGGCGACGGG	CAGACTGAGCACGCCCGTATCTGGCGACGGGTGATGGCAGAGGAAA	HEK3
1950_HEK3_1	ACCGATTATGACTCGGTC	CAGACTGAGCACGACCGATTATGACTCGGTCTGATGGCAGAGGAAA	HEK3
2037_HEK3_1	TATGACGGAACAGCGTCC	CAGACTGAGCACGTATGACGGAACAGCGTCCTGATGGCAGAGGAAA	HEK3
2052_HEK3_1	ACGGGTACTATACTCGTG	CAGACTGAGCACGACGGGTACTATACTCGTGTGATGGCAGAGGAAA	HEK3
2054_HEK3_1	ACCTAGTGGATGGTAATC	CAGACTGAGCACGACCTAGTGGATGGTAATCTGATGGCAGAGGAAA	HEK3
2170_HEK3_1	GGACGAACCCTCGTCCGC	CAGACTGAGCACGGGACGAACCCTCGTCCGCTGATGGCAGAGGAAA	HEK3
2234_HEK3_1	AGACGTATAACAGCGTCT	CAGACTGAGCACGAGACGTATAACAGCGTCTTGATGGCAGAGGAAA	HEK3
2236_HEK3_1	ATCCCGCATTGTGGGTTG	CAGACTGAGCACGATCCCGCATTGTGGGTTGTGATGGCAGAGGAAA	HEK3
2326_HEK3_1	ACGGGTAGACATACTCGT	CAGACTGAGCACGACGGGTAGACATACTCGTTGATGGCAGAGGAAA	HEK3
2345_HEK3_1	TTGTGCATTATCGCACTT	CAGACTGAGCACGTTGTGCATTATCGCACTTTGATGGCAGAGGAAA	HEK3
2388_HEK3_1	CGTTCTATATTAGGATGT	CAGACTGAGCACGCGTTCTATATTAGGATGTTGATGGCAGAGGAAA	HEK3
2584_HEK3_1	CGGACAGCATAATGTTCA	CAGACTGAGCACGCGGACAGCATAATGTTCATGATGGCAGAGGAAA	HEK3
2607_HEK3_1	AGCGTTGATTTATGCATT	CAGACTGAGCACGAGCGTTGATTTATGCATTTGATGGCAGAGGAAA	HEK3
2628_HEK3_1	CAACCGCCTTAGTGCGGT	CAGACTGAGCACGCAACCGCCTTAGTGCGGTTGATGGCAGAGGAAA	HEK3
2688_HEK3_1	GTACCCGACCTACCGGGA	CAGACTGAGCACGGTACCCGACCTACCGGGATGATGGCAGAGGAAA	HEK3
2705_HEK3_1	AAGGGATAAAGTTCCGTC	CAGACTGAGCACGAAGGGATAAAGTTCCGTCTGATGGCAGAGGAAA	HEK3
2869_HEK3_1	AGGATGAGACGATCTTGG	CAGACTGAGCACGAGGATGAGACGATCTTGGTGATGGCAGAGGAAA	HEK3
2975_HEK3_1	CACGATTAAATGTGGAAA	CAGACTGAGCACGCACGATTAAATGTGGAAATGATGGCAGAGGAAA	HEK3
3091_HEK3_1	CGCTCATGACAGGTGAGT	CAGACTGAGCACGCGCTCATGACAGGTGAGTTGATGGCAGAGGAAA	HEK3
3142_HEK3_1	AGCGAAGAATAATTTCGA	CAGACTGAGCACGAGCGAAGAATAATTTCGATGATGGCAGAGGAAA	HEK3
3178_HEK3_1	CCGCATTCGTATGATGTG	CAGACTGAGCACGCCGCATTCGTATGATGTGTGATGGCAGAGGAAA	HEK3
3206_HEK3_1	GGGGGCGACGGCCGCCGA	CAGACTGAGCACGGGGGGCGACGGCCGCCGATGATGGCAGAGGAAA	HEK3
3262_HEK3_1	CCGGTAGTGCAATCTACC	CAGACTGAGCACGCCGGTAGTGCAATCTACCTGATGGCAGAGGAAA	HEK3
3342_HEK3_1	TTGGCGTGATACTACGTC	CAGACTGAGCACGTTGGCGTGATACTACGTCTGATGGCAGAGGAAA	HEK3
3348_HEK3_1	AGCGAATGAATGAATCGG	CAGACTGAGCACGAGCGAATGAATGAATCGGTGATGGCAGAGGAAA	HEK3
3361_HEK3_1	TGTATACAATCGTACAGC	CAGACTGAGCACGTGTATACAATCGTACAGCTGATGGCAGAGGAAA	HEK3
3365_HEK3_1	CACTAGTCATGACTAGTA	CAGACTGAGCACGCACTAGTCATGACTAGTATGATGGCAGAGGAAA	HEK3
3443_HEK3_1	GTCGCGCGGGACGACAGT	CAGACTGAGCACGGTCGCGCGGGACGACAGTTGATGGCAGAGGAAA	HEK3
3491_HEK3_1	CGCGTTTACGATAAACGC	CAGACTGAGCACGCGCGTTTACGATAAACGCTGATGGCAGAGGAAA	HEK3
3505_HEK3_1	TATGCGCGGTACTCGCGC	CAGACTGAGCACGTATGCGCGGTACTCGCGCTGATGGCAGAGGAAA	HEK3
3557_HEK3_1	AGAAAGATGATTTTAGTT	CAGACTGAGCACGAGAAAGATGATTTTAGTTTGATGGCAGAGGAAA	HEK3
3565_HEK3_1	AAGTACCATAACGGTGGC	CAGACTGAGCACGAAGTACCATAACGGTGGCTGATGGCAGAGGAAA	HEK3
3577_HEK3_1	CGAATCATACCGATTCTC	CAGACTGAGCACGCGAATCATACCGATTCTCTGATGGCAGAGGAAA	HEK3
3621_HEK3_1	ATTCGTACGATCTATGAT	CAGACTGAGCACGATTCGTACGATCTATGATTGATGGCAGAGGAAA	HEK3
3712_HEK3_1	TCGCCTAGGTCTCGGCGA	CAGACTGAGCACGTCGCCTAGGTCTCGGCGATGATGGCAGAGGAAA	HEK3
3853_HEK3_1	TAGTAGATCGGGTCTACG	CAGACTGAGCACGTAGTAGATCGGGTCTACGTGATGGCAGAGGAAA	HEK3
3860_HEK3_1	TGCAGAATTAGTTGCGTT	CAGACTGAGCACGTGCAGAATTAGTTGCGTTTGATGGCAGAGGAAA	HEK3
3866_HEK3_1	TCCACCTATCGGTGTGAC	CAGACTGAGCACGTCCACCTATCGGTGTGACTGATGGCAGAGGAAA	HEK3
3970_HEK3_1	CACGCTCGAATGAGTGGA	CAGACTGAGCACGCACGCTCGAATGAGTGGATGATGGCAGAGGAAA	HEK3
4088_HEK3_1	GTTCGAAATAAGTCGAAC	CAGACTGAGCACGGTTCGAAATAAGTCGAACTGATGGCAGAGGAAA	HEK3
4119_HEK3_1	CTTCCGTATATTGGGATA	CAGACTGAGCACGCTTCCGTATATTGGGATATGATGGCAGAGGAAA	HEK3
4606_HEK3_1	GTGCTGGACTTACGGCAT	CAGACTGAGCACGGTGCTGGACTTACGGCATTGATGGCAGAGGAAA	HEK3
4711_HEK3_1	GGCGATTGATGTACGCCC	CAGACTGAGCACGGGCGATTGATGTACGCCCTGATGGCAGAGGAAA	HEK3
4712_HEK3_1	TTGCGCGATAGGGTGCAA	CAGACTGAGCACGTTGCGCGATAGGGTGCAATGATGGCAGAGGAAA	HEK3
4728_HEK3_1	CCGGCATTTGTCGGAATC	CAGACTGAGCACGCCGGCATTTGTCGGAATCTGATGGCAGAGGAAA	HEK3
5019_HEK3_1	CTGTATATAGCAGACGTG	CAGACTGAGCACGCTGTATATAGCAGACGTGTGATGGCAGAGGAAA	HEK3
5113_HEK3_1	CGGTCCGATCCGGATCAA	CAGACTGAGCACGCGGTCCGATCCGGATCAATGATGGCAGAGGAAA	HEK3
5119_HEK3_1	GTGTGAGGGTATCGCGCT	CAGACTGAGCACGGTGTGAGGGTATCGCGCTTGATGGCAGAGGAAA	HEK3
5189_HEK3_1	AACACGTTGTACAAACGT	CAGACTGAGCACGAACACGTTGTACAAACGTTGATGGCAGAGGAAA	HEK3
5230_HEK3_1	CGCGTTTAGTTAGATGCT	CAGACTGAGCACGCGCGTTTAGTTAGATGCTTGATGGCAGAGGAAA	HEK3
5273_HEK3_1	GGTGCGGCATCGCTGTAG	CAGACTGAGCACGGGTGCGGCATCGCTGTAGTGATGGCAGAGGAAA	HEK3
5554_HEK3_1	ATAAACATATTTTACGTT	CAGACTGAGCACGATAAACATATTTTACGTTTGATGGCAGAGGAAA	HEK3
5709_HEK3_1	TAATGGTACATGACATGA	CAGACTGAGCACGTAATGGTACATGACATGATGATGGCAGAGGAAA	HEK3
5721_HEK3_1	CTCATTTGGAAAGTGAGT	CAGACTGAGCACGCTCATTTGGAAAGTGAGTTGATGGCAGAGGAAA	HEK3
5742_HEK3_1	GTTGGGCTTCCAGCAAGT	CAGACTGAGCACGGTTGGGCTTCCAGCAAGTTGATGGCAGAGGAAA	HEK3
5877_HEK3_1	TACCCGCGGGTGCGGTAT	CAGACTGAGCACGTACCCGCGGGTGCGGTATTGATGGCAGAGGAAA	HEK3
6024_HEK3_1	TTAAGCGTGGGACGCGTG	CAGACTGAGCACGTTAAGCGTGGGACGCGTGTGATGGCAGAGGAAA	HEK3
6175_HEK3_1	CATCCGGTCAACCGGGCT	CAGACTGAGCACGCATCCGGTCAACCGGGCTTGATGGCAGAGGAAA	HEK3
6315_HEK3_1	AGATATGATTATTTAATA	CAGACTGAGCACGAGATATGATTATTTAATATGATGGCAGAGGAAA	HEK3
6377_HEK3_1	CGACACGGAACTCGGTGT	CAGACTGAGCACGCGACACGGAACTCGGTGTTGATGGCAGAGGAAA	HEK3
6391_HEK3_1	GTGTTGTTGATACACGCA	CAGACTGAGCACGGTGTTGTTGATACACGCATGATGGCAGAGGAAA	HEK3
6481_HEK3_1	GGCGGTACAAGCTCGCCG	CAGACTGAGCACGGGCGGTACAAGCTCGCCGTGATGGCAGAGGAAA	HEK3
6504_HEK3_1	AGCTCACTGAATGAGCTT	CAGACTGAGCACGAGCTCACTGAATGAGCTTTGATGGCAGAGGAAA	HEK3
6628_HEK3_1	CGTTGGACGCCAACGTAT	CAGACTGAGCACGCGTTGGACGCCAACGTATTGATGGCAGAGGAAA	HEK3
6729_HEK3_1	GAAACTAAAATGGTTTCC	CAGACTGAGCACGGAAACTAAAATGGTTTCCTGATGGCAGAGGAAA	HEK3
6772_HEK3_1	GGGGGGCGTGGGCCCCCT	CAGACTGAGCACGGGGGGGCGTGGGCCCCCTTGATGGCAGAGGAAA	HEK3
6804_HEK3_1	GTAGCGCAACGCTAACAG	CAGACTGAGCACGGTAGCGCAACGCTAACAGTGATGGCAGAGGAAA	HEK3
6919_HEK3_1	ATTCTCGATGGAGGAACT	CAGACTGAGCACGATTCTCGATGGAGGAACTTGATGGCAGAGGAAA	HEK3
7040_HEK3_1	AACTTCCCAAGGGGAAGC	CAGACTGAGCACGAACTTCCCAAGGGGAAGCTGATGGCAGAGGAAA	HEK3
7059_HEK3_1	CGGTTGACACACGACGTT	CAGACTGAGCACGCGGTTGACACACGACGTTTGATGGCAGAGGAAA	HEK3
7201_HEK3_1	CGACGATGTAACTCGTCC	CAGACTGAGCACGCGACGATGTAACTCGTCCTGATGGCAGAGGAAA	HEK3
7375_HEK3_1	CGCTGGTATGGAGCAGCG	CAGACTGAGCACGCGCTGGTATGGAGCAGCGTGATGGCAGAGGAAA	HEK3
7393_HEK3_1	GATTATGGTACTCATAGT	CAGACTGAGCACGGATTATGGTACTCATAGTTGATGGCAGAGGAAA	HEK3
7462_HEK3_1	AGGGTGATAAGTACCCTC	CAGACTGAGCACGAGGGTGATAAGTACCCTCTGATGGCAGAGGAAA	HEK3
7582_HEK3_1	GTGTGACAAACATAAGGG	CAGACTGAGCACGGTGTGACAAACATAAGGGTGATGGCAGAGGAAA	HEK3
7587_HEK3_1	CGGACAGCGCGCGTTGTC	CAGACTGAGCACGCGGACAGCGCGCGTTGTCTGATGGCAGAGGAAA	HEK3
WT	CAGACTGAGCACGTGATGGCAAAGGAAA	CAGACTGAGCACGTGATGGCAGAGGAAA	NA
WT	CAGACTGAGCACGTGATGGCAAAGGAAA	CAGACTGAGCACGTGATGGCAGAGGAAA	NA
