name	sequence_original	sequence	VF_value
Rand20_1_1	TGCCCGCACTCAGCGGGCAT	ACTGAGCACGTGCCCGCACTCAGCGGGCATTGATGGCAGA	-13.8
Rand20_1_2	GGGGGTAGATAGTACCCCCG	ACTGAGCACGGGGGGTAGATAGTACCCCCGTGATGGCAGA	-13.8
Rand20_1_3	CTGGCACGGCGACGTGCCGG	ACTGAGCACGCTGGCACGGCGACGTGCCGGTGATGGCAGA	-13.8
Rand20_1_4	TCCGGGCTCTGGGCCCGGGA	ACTGAGCACGTCCGGGCTCTGGGCCCGGGATGATGGCAGA	-13.7
Rand20_1_5	GGGGCGTTATATCGCCCCGT	ACTGAGCACGGGGGCGTTATATCGCCCCGTTGATGGCAGA	-13.6
Rand20_1_6	ACGGGGCCCTATGGGCCCTC	ACTGAGCACGACGGGGCCCTATGGGCCCTCTGATGGCAGA	-13.4
Rand20_1_7	GGGCGCATGCGCGCCCAGGG	ACTGAGCACGGGGCGCATGCGCGCCCAGGGTGATGGCAGA	-13.4
Rand20_1_8	GACCCCTGCTACGCAGGGGA	ACTGAGCACGGACCCCTGCTACGCAGGGGATGATGGCAGA	-13.2
Rand20_1_9	GCACGGCGGAGCCGTGCGGT	ACTGAGCACGGCACGGCGGAGCCGTGCGGTTGATGGCAGA	-13.1
Rand20_1_10	CGCCCGGTGCAACCGGGCCC	ACTGAGCACGCGCCCGGTGCAACCGGGCCCTGATGGCAGA	-13.1
Rand20_1_11	CGGGTACCTTTGGGTGCCCC	ACTGAGCACGCGGGTACCTTTGGGTGCCCCTGATGGCAGA	-13
Rand20_1_12	CCCCGCGCACAGCGGGGTGT	ACTGAGCACGCCCCGCGCACAGCGGGGTGTTGATGGCAGA	-12.9
Rand20_1_13	AAGGGGTCACCCGACCCCTC	ACTGAGCACGAAGGGGTCACCCGACCCCTCTGATGGCAGA	-12.7
Rand20_1_14	CCGCCCAGGGGGGGCGGGAA	ACTGAGCACGCCGCCCAGGGGGGGCGGGAATGATGGCAGA	-12.7
Rand20_1_15	GGAGGGGCACATGCCCTTCG	ACTGAGCACGGGAGGGGCACATGCCCTTCGTGATGGCAGA	-12.6
Rand20_1_16	GCCGGGCGTGACACCCGGCA	ACTGAGCACGGCCGGGCGTGACACCCGGCATGATGGCAGA	-12.5
Rand20_1_17	GAGGGCGACGGCCCTCTTTG	ACTGAGCACGGAGGGCGACGGCCCTCTTTGTGATGGCAGA	-12.5
Rand20_2_1	GGCTGCGTGAGACGTGGCCA	ACTGAGCACGGGCTGCGTGAGACGTGGCCATGATGGCAGA	-11.4
Rand20_2_2	TACGGGCTTCTTCGCCCGTG	ACTGAGCACGTACGGGCTTCTTCGCCCGTGTGATGGCAGA	-11.1
Rand20_2_3	AACCCTACCTCACGGTAGGG	ACTGAGCACGAACCCTACCTCACGGTAGGGTGATGGCAGA	-11.8
Rand20_2_4	AGTCCTCCACTGGGGGGCTA	ACTGAGCACGAGTCCTCCACTGGGGGGCTATGATGGCAGA	-11.1
Rand20_2_5	CAGGCGGCCAGCTGCCTGGC	ACTGAGCACGCAGGCGGCCAGCTGCCTGGCTGATGGCAGA	-11.2
Rand20_2_6	GGGGAATTACTTGTTCCCCG	ACTGAGCACGGGGGAATTACTTGTTCCCCGTGATGGCAGA	-11.5
Rand20_2_7	GCCGCCTTAGCAGGGTGGCT	ACTGAGCACGGCCGCCTTAGCAGGGTGGCTTGATGGCAGA	-11.9
Rand20_2_8	GGGCACGAACGTGCCCGCTA	ACTGAGCACGGGGCACGAACGTGCCCGCTATGATGGCAGA	-11.9
Rand20_2_9	GGGGTCCACCAGCGGATCCC	ACTGAGCACGGGGGTCCACCAGCGGATCCCTGATGGCAGA	-11.3
Rand20_2_10	ACGGGCGAAGAAGCGCCCGT	ACTGAGCACGACGGGCGAAGAAGCGCCCGTTGATGGCAGA	-12.4
Rand20_2_11	GACGTCGGAGTGCGACGTCG	ACTGAGCACGGACGTCGGAGTGCGACGTCGTGATGGCAGA	-12.2
Rand20_2_12	TCCGGCGTACAGGCCGGATG	ACTGAGCACGTCCGGCGTACAGGCCGGATGTGATGGCAGA	-11.9
Rand20_2_13	CGGGAGTCTTCTGGGCTCCC	ACTGAGCACGCGGGAGTCTTCTGGGCTCCCTGATGGCAGA	-11.6
Rand20_2_14	GTTAGGGGGCTGGTGCCCCG	ACTGAGCACGGTTAGGGGGCTGGTGCCCCGTGATGGCAGA	-11.4
Rand20_2_15	TGTGGGGCAATATTGCCCCA	ACTGAGCACGTGTGGGGCAATATTGCCCCATGATGGCAGA	-12.1
Rand20_2_16	ACGGCCAGCTAATGGCCGGG	ACTGAGCACGACGGCCAGCTAATGGCCGGGTGATGGCAGA	-11.6
Rand20_2_17	CCCCTCACAAGAGGGGAGCA	ACTGAGCACGCCCCTCACAAGAGGGGAGCATGATGGCAGA	-11.4
Rand20_2_18	TTCTGCGGCGGCAGCCGCAC	ACTGAGCACGTTCTGCGGCGGCAGCCGCACTGATGGCAGA	-11.5
Rand20_3_1	GCCCTTTTCTTTGGAGGGCA	ACTGAGCACGGCCCTTTTCTTTGGAGGGCATGATGGCAGA	-10.8
Rand20_3_2	GTTGCCACAAACTGGCGACA	ACTGAGCACGGTTGCCACAAACTGGCGACATGATGGCAGA	-9.9
Rand20_3_3	AACCCGACCCGTGTCGGGGA	ACTGAGCACGAACCCGACCCGTGTCGGGGATGATGGCAGA	-10.4
Rand20_3_4	GCGAGTACAAATACTCGCAT	ACTGAGCACGGCGAGTACAAATACTCGCATTGATGGCAGA	-10
Rand20_3_5	CGGGCAATTTGCCCGGCGCT	ACTGAGCACGCGGGCAATTTGCCCGGCGCTTGATGGCAGA	-9.9
Rand20_3_6	TGGAGCTGGCGCCAGTTCCT	ACTGAGCACGTGGAGCTGGCGCCAGTTCCTTGATGGCAGA	-10.1
Rand20_3_7	GACCGAGGGTCTCCTCGGCC	ACTGAGCACGGACCGAGGGTCTCCTCGGCCTGATGGCAGA	-10.5
Rand20_3_8	TCGGCACCGTTGTGCCGGAA	ACTGAGCACGTCGGCACCGTTGTGCCGGAATGATGGCAGA	-10.4
Rand20_3_9	AGCACGCCGGGATGCGTGCC	ACTGAGCACGAGCACGCCGGGATGCGTGCCTGATGGCAGA	-9.9
Rand20_3_10	CCGCATCACCTAGATGCGGC	ACTGAGCACGCCGCATCACCTAGATGCGGCTGATGGCAGA	-10.9
Rand20_3_11	CCCGCGGTGTCGTGCCGCGA	ACTGAGCACGCCCGCGGTGTCGTGCCGCGATGATGGCAGA	-10.1
Rand20_3_12	CCCGGGTGGTCCCGGAGCTA	ACTGAGCACGCCCGGGTGGTCCCGGAGCTATGATGGCAGA	-9.8
Rand20_3_13	TGCCTCTAGTGTGGAGGCAG	ACTGAGCACGTGCCTCTAGTGTGGAGGCAGTGATGGCAGA	-10.8
Rand20_3_14	TCGTCCCGTCCGCGGCGGGA	ACTGAGCACGTCGTCCCGTCCGCGGCGGGATGATGGCAGA	-9.7
Rand20_3_15	TCCCTCCGGCTTTGGGGGGC	ACTGAGCACGTCCCTCCGGCTTTGGGGGGCTGATGGCAGA	-10.3
Rand20_3_16	GTGCCCCGACGCAGGGGTAA	ACTGAGCACGGTGCCCCGACGCAGGGGTAATGATGGCAGA	-10.6
Rand20_3_17	TGGGAGGCGCACTGCGCCCC	ACTGAGCACGTGGGAGGCGCACTGCGCCCCTGATGGCAGA	-9.9
Rand20_3_18	CAACCGGCGCCGCGCCGGCC	ACTGAGCACGCAACCGGCGCCGCGCCGGCCTGATGGCAGA	-10.5
Rand20_3_19	GTGCCTTATAATAGGGCGCG	ACTGAGCACGGTGCCTTATAATAGGGCGCGTGATGGCAGA	-10.4
Rand20_3_20	ACCGTTGGCCACCAACGGTC	ACTGAGCACGACCGTTGGCCACCAACGGTCTGATGGCAGA	-10.6
Rand20_4_1	TCCTTCTCCGAACGGGGAAG	ACTGAGCACGTCCTTCTCCGAACGGGGAAGTGATGGCAGA	-8.5
Rand20_4_2	ACGCGGTTGAACCGCGGGGA	ACTGAGCACGACGCGGTTGAACCGCGGGGATGATGGCAGA	-9.4
Rand20_4_3	CCGCGGATCAACGCGGCGTC	ACTGAGCACGCCGCGGATCAACGCGGCGTCTGATGGCAGA	-9
Rand20_4_4	TTAGCGGGCCGCGGCGCGCC	ACTGAGCACGTTAGCGGGCCGCGGCGCGCCTGATGGCAGA	-8.8
Rand20_4_5	CCAGCTGTGGTTTGCTGGGG	ACTGAGCACGCCAGCTGTGGTTTGCTGGGGTGATGGCAGA	-8.8
Rand20_4_6	GAGCTACGCATAGTAGCTAG	ACTGAGCACGGAGCTACGCATAGTAGCTAGTGATGGCAGA	-8.3
Rand20_4_7	GTACGGGGGACCCCGTCGCG	ACTGAGCACGGTACGGGGGACCCCGTCGCGTGATGGCAGA	-8.5
Rand20_4_8	CCGGGCGGTATAGCGCGGAG	ACTGAGCACGCCGGGCGGTATAGCGCGGAGTGATGGCAGA	-9.3
Rand20_4_9	CGGGAGCGAAGTGCTTCCTC	ACTGAGCACGCGGGAGCGAAGTGCTTCCTCTGATGGCAGA	-8.8
Rand20_4_10	CCTGGATTTAATTTCCAGGT	ACTGAGCACGCCTGGATTTAATTTCCAGGTTGATGGCAGA	-9
Rand20_4_11	TGCGGCGCGTTGCCGCTTAC	ACTGAGCACGTGCGGCGCGTTGCCGCTTACTGATGGCAGA	-9.5
Rand20_4_12	CCGTCCGCAGCCGCGGAAGG	ACTGAGCACGCCGTCCGCAGCCGCGGAAGGTGATGGCAGA	-9.5
Rand20_4_13	CGGGCTGCCTCAGGGCCCAT	ACTGAGCACGCGGGCTGCCTCAGGGCCCATTGATGGCAGA	-8.7
Rand20_4_14	CGGCTGGGATGATCCCAGAT	ACTGAGCACGCGGCTGGGATGATCCCAGATTGATGGCAGA	-8.6
Rand20_4_15	GTTCCCCCTTGTACCGGGGG	ACTGAGCACGGTTCCCCCTTGTACCGGGGGTGATGGCAGA	-8.7
Rand20_4_16	GATGGGAATGCCCATCAGTG	ACTGAGCACGGATGGGAATGCCCATCAGTGTGATGGCAGA	-9.6
Rand20_4_17	CGGCCTCGGTCTGGCCGAAA	ACTGAGCACGCGGCCTCGGTCTGGCCGAAATGATGGCAGA	-9.6
Rand20_4_18	ATCGCAGATGCCTGCGAAGT	ACTGAGCACGATCGCAGATGCCTGCGAAGTTGATGGCAGA	-8.6
Rand20_4_19	CCAGGGCGGAGGTGCCCTTC	ACTGAGCACGCCAGGGCGGAGGTGCCCTTCTGATGGCAGA	-9.1
Rand20_4_20	ATCCGGGACGCTCCCTGGAG	ACTGAGCACGATCCGGGACGCTCCCTGGAGTGATGGCAGA	-8.9
Rand20_5_1	CGGCCCCCGAATGGGGTGAC	ACTGAGCACGCGGCCCCCGAATGGGGTGACTGATGGCAGA	-7.8
Rand20_5_2	CCAAGCCTTTCACGGCTCGG	ACTGAGCACGCCAAGCCTTTCACGGCTCGGTGATGGCAGA	-6.9
Rand20_5_3	TGGTCGGGTAATTGACCATA	ACTGAGCACGTGGTCGGGTAATTGACCATATGATGGCAGA	-7.4
Rand20_5_4	ACGGCGTCCATTTGGACCCT	ACTGAGCACGACGGCGTCCATTTGGACCCTTGATGGCAGA	-8
Rand20_5_5	AGTGGCTGCGGCAGTTACTG	ACTGAGCACGAGTGGCTGCGGCAGTTACTGTGATGGCAGA	-7.3
Rand20_5_6	CCCTGGAGAGCGCTCCCAGG	ACTGAGCACGCCCTGGAGAGCGCTCCCAGGTGATGGCAGA	-7.9
Rand20_5_7	CACGGCCGACTATCGGCGAA	ACTGAGCACGCACGGCCGACTATCGGCGAATGATGGCAGA	-7.2
Rand20_5_8	TCCGACGATACTATGTCGGA	ACTGAGCACGTCCGACGATACTATGTCGGATGATGGCAGA	-8.2
Rand20_5_9	GGGCGTGCTGGGCACGTGTA	ACTGAGCACGGGGCGTGCTGGGCACGTGTATGATGGCAGA	-8.1
Rand20_5_10	TTGTCGCCGGCGCAACGGCT	ACTGAGCACGTTGTCGCCGGCGCAACGGCTTGATGGCAGA	-7.6
Rand20_5_11	TCCTGCCATAGAGGTGGCGA	ACTGAGCACGTCCTGCCATAGAGGTGGCGATGATGGCAGA	-7.1
Rand20_5_12	GCGTTGTAGCAGCGCATCGG	ACTGAGCACGGCGTTGTAGCAGCGCATCGGTGATGGCAGA	-7.3
Rand20_5_13	ACATGTCAGGTTGTGGCGTG	ACTGAGCACGACATGTCAGGTTGTGGCGTGTGATGGCAGA	-6.9
Rand20_5_14	CGGCCACAGATGGCTGGTAC	ACTGAGCACGCGGCCACAGATGGCTGGTACTGATGGCAGA	-8.1
Rand20_5_15	ACTCTGGGCTCTGTCGCCCA	ACTGAGCACGACTCTGGGCTCTGTCGCCCATGATGGCAGA	-7.7
Rand20_5_16	AATCTCTGGTCAAGCGGAGA	ACTGAGCACGAATCTCTGGTCAAGCGGAGATGATGGCAGA	-7
Rand20_5_17	GATCCAGAAGCGGATCGAAT	ACTGAGCACGGATCCAGAAGCGGATCGAATTGATGGCAGA	-7
Rand20_5_18	CCCGCGGCTCTGCCCAGGGC	ACTGAGCACGCCCGCGGCTCTGCCCAGGGCTGATGGCAGA	-7.2
Rand20_5_19	GAGCGGCCCTCATTGGGCAA	ACTGAGCACGGAGCGGCCCTCATTGGGCAATGATGGCAGA	-7.8
Rand20_5_20	GGCGTGCGTAGGACGCACAT	ACTGAGCACGGGCGTGCGTAGGACGCACATTGATGGCAGA	-7.9
Rand20_6_1	GGCCTTATGTGGTCATGGGT	ACTGAGCACGGGCCTTATGTGGTCATGGGTTGATGGCAGA	-5.7
Rand20_6_2	CCGCCCCGGGTCGTGGAGCG	ACTGAGCACGCCGCCCCGGGTCGTGGAGCGTGATGGCAGA	-5.9
Rand20_6_3	GGCTAGCCACTCAGGTGCCC	ACTGAGCACGGGCTAGCCACTCAGGTGCCCTGATGGCAGA	-5.8
Rand20_6_4	TTGCTCCTTGAGGGACGCAG	ACTGAGCACGTTGCTCCTTGAGGGACGCAGTGATGGCAGA	-6.2
Rand20_6_5	TCAGCCCTACGGCCGGGGTT	ACTGAGCACGTCAGCCCTACGGCCGGGGTTTGATGGCAGA	-6.5
Rand20_6_6	ATTCTCACCCGTGTGAGGGG	ACTGAGCACGATTCTCACCCGTGTGAGGGGTGATGGCAGA	-6.1
Rand20_6_7	GCGGAGGTAGTTCCCCCGTT	ACTGAGCACGGCGGAGGTAGTTCCCCCGTTTGATGGCAGA	-6.7
Rand20_6_8	TGGGTCGGCACCGGCGCACC	ACTGAGCACGTGGGTCGGCACCGGCGCACCTGATGGCAGA	-6.6
Rand20_6_9	CTGTGTAACGAAACGCGGGC	ACTGAGCACGCTGTGTAACGAAACGCGGGCTGATGGCAGA	-6
Rand20_6_10	CAAGCCCGGTTGCGGAGCGC	ACTGAGCACGCAAGCCCGGTTGCGGAGCGCTGATGGCAGA	-6.6
Rand20_6_11	CACAGTCTTGACGACTGCGG	ACTGAGCACGCACAGTCTTGACGACTGCGGTGATGGCAGA	-6.2
Rand20_6_12	AGCAGACGTCCTCTGCGGAG	ACTGAGCACGAGCAGACGTCCTCTGCGGAGTGATGGCAGA	-5.9
Rand20_6_13	GTCCGGACGTGCACGGATAG	ACTGAGCACGGTCCGGACGTGCACGGATAGTGATGGCAGA	-6.7
Rand20_6_14	GGGCTCAGTTGAGCTATAGT	ACTGAGCACGGGGCTCAGTTGAGCTATAGTTGATGGCAGA	-6.5
Rand20_6_15	GGGACGACGAGTTCCATAGG	ACTGAGCACGGGGACGACGAGTTCCATAGGTGATGGCAGA	-6.6
Rand20_6_16	CCTCGGCCTATGTAGAGGGG	ACTGAGCACGCCTCGGCCTATGTAGAGGGGTGATGGCAGA	-5.6
Rand20_6_17	CCCTCAGGGGCCTGGCCCGC	ACTGAGCACGCCCTCAGGGGCCTGGCCCGCTGATGGCAGA	-6.2
Rand20_6_18	TCATACCCGTTCACGGGGGG	ACTGAGCACGTCATACCCGTTCACGGGGGGTGATGGCAGA	-6.1
Rand20_6_19	CGGTTGGGGCGTAAGCCTGG	ACTGAGCACGCGGTTGGGGCGTAAGCCTGGTGATGGCAGA	-5.9
Rand20_6_20	CAATTGGTCGTTCATGACCA	ACTGAGCACGCAATTGGTCGTTCATGACCATGATGGCAGA	-5.8
Rand20_7_1	GGGAATCCAGACGGATTGAG	ACTGAGCACGGGGAATCCAGACGGATTGAGTGATGGCAGA	-4.3
Rand20_7_2	GGATGGGGTCGTTCTCCCAA	ACTGAGCACGGGATGGGGTCGTTCTCCCAATGATGGCAGA	-5.4
Rand20_7_3	TAAGGATCAAGTTTGGTTCA	ACTGAGCACGTAAGGATCAAGTTTGGTTCATGATGGCAGA	-4.2
Rand20_7_4	AGGCAGAACAGGGTTGCCAG	ACTGAGCACGAGGCAGAACAGGGTTGCCAGTGATGGCAGA	-5.2
Rand20_7_5	ACCCTAGACCGGGTGTCAGG	ACTGAGCACGACCCTAGACCGGGTGTCAGGTGATGGCAGA	-5
Rand20_7_6	GCCTGGCATCTGGCACAGAT	ACTGAGCACGGCCTGGCATCTGGCACAGATTGATGGCAGA	-5
Rand20_7_7	GGCCCAATTAAGGGTGTGTC	ACTGAGCACGGGCCCAATTAAGGGTGTGTCTGATGGCAGA	-5.5
Rand20_7_8	GAATCCGTTTAATGCGGGGC	ACTGAGCACGGAATCCGTTTAATGCGGGGCTGATGGCAGA	-5
Rand20_7_9	TCAAGGGGTACCTAGTCCCT	ACTGAGCACGTCAAGGGGTACCTAGTCCCTTGATGGCAGA	-4.6
Rand20_7_10	CGCGGCACAATGCCTGAGAT	ACTGAGCACGCGCGGCACAATGCCTGAGATTGATGGCAGA	-4.3
Rand20_7_11	CATCGGGGCTTCCAGGCTTC	ACTGAGCACGCATCGGGGCTTCCAGGCTTCTGATGGCAGA	-4.5
Rand20_7_12	CAAGGCGCCTTGGTCGCCCG	ACTGAGCACGCAAGGCGCCTTGGTCGCCCGTGATGGCAGA	-5.1
Rand20_7_13	GACCACTCTGTATGCAGGGT	ACTGAGCACGGACCACTCTGTATGCAGGGTTGATGGCAGA	-5.3
Rand20_7_14	CACTCCCGGGTGTCGGAGAC	ACTGAGCACGCACTCCCGGGTGTCGGAGACTGATGGCAGA	-4.5
Rand20_7_15	ACAAGCTCGCCGGGGCCTAT	ACTGAGCACGACAAGCTCGCCGGGGCCTATTGATGGCAGA	-4.8
Rand20_7_16	TGAAATGCTGCTAGGCGTTA	ACTGAGCACGTGAAATGCTGCTAGGCGTTATGATGGCAGA	-5
Rand20_7_17	TGGAGCGCGGTTGTGCGATG	ACTGAGCACGTGGAGCGCGGTTGTGCGATGTGATGGCAGA	-4.6
Rand20_7_18	TATATGCGGTATCAGCCGGA	ACTGAGCACGTATATGCGGTATCAGCCGGATGATGGCAGA	-4.5
Rand20_7_19	GCCCCCGCATGCTTACATGC	ACTGAGCACGGCCCCCGCATGCTTACATGCTGATGGCAGA	-4.5
Rand20_7_20	CGTCGCTCCGCTAGTCGACG	ACTGAGCACGCGTCGCTCCGCTAGTCGACGTGATGGCAGA	-5.4
Rand20_8_1	ATCTGGAGTGCTTGACTCAT	ACTGAGCACGATCTGGAGTGCTTGACTCATTGATGGCAGA	-3.9
Rand20_8_2	GATGTCAGTGGAGGTCCCGA	ACTGAGCACGGATGTCAGTGGAGGTCCCGATGATGGCAGA	-3.5
Rand20_8_3	CCTAGGTTCGCCTGACCTCA	ACTGAGCACGCCTAGGTTCGCCTGACCTCATGATGGCAGA	-3.2
Rand20_8_4	CACGATGAGACTTGTTATCT	ACTGAGCACGCACGATGAGACTTGTTATCTTGATGGCAGA	-2.9
Rand20_8_5	GGGCATACGCTCCCGACACA	ACTGAGCACGGGGCATACGCTCCCGACACATGATGGCAGA	-3.7
Rand20_8_6	GAGCCCTCCGATTGTGTCGG	ACTGAGCACGGAGCCCTCCGATTGTGTCGGTGATGGCAGA	-3.7
Rand20_8_7	GAGCAAAAAAAATTCGCTCT	ACTGAGCACGGAGCAAAAAAAATTCGCTCTTGATGGCAGA	-4
Rand20_8_8	CATAATCAACAGTGCTTGAG	ACTGAGCACGCATAATCAACAGTGCTTGAGTGATGGCAGA	-2.8
Rand20_8_9	TGCCCGATGCATAGTTGGAC	ACTGAGCACGTGCCCGATGCATAGTTGGACTGATGGCAGA	-4.1
Rand20_8_10	ATGATCAAGGTGGGTCAGAT	ACTGAGCACGATGATCAAGGTGGGTCAGATTGATGGCAGA	-3.7
Rand20_8_11	AATGTTGAGCAGTAAACATG	ACTGAGCACGAATGTTGAGCAGTAAACATGTGATGGCAGA	-2.9
Rand20_8_12	CGCATCTAGCATTTGCGTAC	ACTGAGCACGCGCATCTAGCATTTGCGTACTGATGGCAGA	-3.3
Rand20_8_13	CTAGTTAGGCCGAAGAGCCT	ACTGAGCACGCTAGTTAGGCCGAAGAGCCTTGATGGCAGA	-4.1
Rand20_8_14	GTTGAGCCCTTGGTGATGCA	ACTGAGCACGGTTGAGCCCTTGGTGATGCATGATGGCAGA	-2.8
Rand20_8_15	ACGTAACAATATTACGGGTA	ACTGAGCACGACGTAACAATATTACGGGTATGATGGCAGA	-2.8
Rand20_8_16	GTAGTCGACATACTACGCAC	ACTGAGCACGGTAGTCGACATACTACGCACTGATGGCAGA	-4.1
Rand20_8_17	AAAGTCAGTTCTAAGGAGCT	ACTGAGCACGAAAGTCAGTTCTAAGGAGCTTGATGGCAGA	-3.8
Rand20_8_18	CCCTTCGATGGTGAGAAGTG	ACTGAGCACGCCCTTCGATGGTGAGAAGTGTGATGGCAGA	-3.2
Rand20_8_19	CGACCAGTCTTAGTCGCTGT	ACTGAGCACGCGACCAGTCTTAGTCGCTGTTGATGGCAGA	-2.9
Rand20_8_20	TTCACGCTGAATGCGACCAT	ACTGAGCACGTTCACGCTGAATGCGACCATTGATGGCAGA	-3.3
Rand20_9_1	GTCAAGCTTCACAAGCGATA	ACTGAGCACGGTCAAGCTTCACAAGCGATATGATGGCAGA	-1.9
Rand20_9_2	GATAACGCTGCCGTGGCTCG	ACTGAGCACGGATAACGCTGCCGTGGCTCGTGATGGCAGA	-1.7
Rand20_9_3	TGAGGATCTGATGGCCAGTA	ACTGAGCACGTGAGGATCTGATGGCCAGTATGATGGCAGA	-1.5
Rand20_9_4	ACCTTATCGACTCAGGGCTC	ACTGAGCACGACCTTATCGACTCAGGGCTCTGATGGCAGA	-1.9
Rand20_9_5	CGACCTGGGTAGAAGGAGGG	ACTGAGCACGCGACCTGGGTAGAAGGAGGGTGATGGCAGA	-2.3
Rand20_9_6	ACCGTGACGGCGTGGCAGAA	ACTGAGCACGACCGTGACGGCGTGGCAGAATGATGGCAGA	-1.6
Rand20_9_7	TTTGTGGCAATAATACCCGC	ACTGAGCACGTTTGTGGCAATAATACCCGCTGATGGCAGA	-1.5
Rand20_9_8	TGCCGTCGCGCACTGCAACA	ACTGAGCACGTGCCGTCGCGCACTGCAACATGATGGCAGA	-1.9
Rand20_9_9	GTGTTGTCGTACTAGAGGCA	ACTGAGCACGGTGTTGTCGTACTAGAGGCATGATGGCAGA	-2.6
Rand20_9_10	ATCGATGGAAGTCGCATGGC	ACTGAGCACGATCGATGGAAGTCGCATGGCTGATGGCAGA	-2
Rand20_9_11	TAGTTTGTGTAGTACACCTT	ACTGAGCACGTAGTTTGTGTAGTACACCTTTGATGGCAGA	-1.4
Rand20_9_12	CGCGAATAAGCCAGGGAAAA	ACTGAGCACGCGCGAATAAGCCAGGGAAAATGATGGCAGA	-1.4
Rand20_9_13	CGACGACGGGAACCCTGCTG	ACTGAGCACGCGACGACGGGAACCCTGCTGTGATGGCAGA	-2.5
Rand20_9_14	GTCTCTCTTACGGGCATAGA	ACTGAGCACGGTCTCTCTTACGGGCATAGATGATGGCAGA	-1.9
Rand20_9_15	ATGAGGCTTGCGCTTAAAGC	ACTGAGCACGATGAGGCTTGCGCTTAAAGCTGATGGCAGA	-2.5
Rand20_9_16	TGAGCTGAGCTTACTCCGAG	ACTGAGCACGTGAGCTGAGCTTACTCCGAGTGATGGCAGA	-2.4
Rand20_9_17	TCTGGCGTCGTGTCTGGTCG	ACTGAGCACGTCTGGCGTCGTGTCTGGTCGTGATGGCAGA	-1.4
Rand20_9_18	CCACCATCCTCTCGGACAGA	ACTGAGCACGCCACCATCCTCTCGGACAGATGATGGCAGA	-1.6
Rand20_9_19	TGGAATCGTAAGATGACTGG	ACTGAGCACGTGGAATCGTAAGATGACTGGTGATGGCAGA	-2.3
Rand20_9_20	GTTGGACTCCCATCTCGAAT	ACTGAGCACGGTTGGACTCCCATCTCGAATTGATGGCAGA	-1.7
Rand20_10_1	AAGGAATGCCACGCTGACGT	ACTGAGCACGAAGGAATGCCACGCTGACGTTGATGGCAGA	-0.5
Rand20_10_2	CTATATTGATAAAAGCCGGG	ACTGAGCACGCTATATTGATAAAAGCCGGGTGATGGCAGA	0
Rand20_10_3	ACTGCGCGCCTTATCACAGC	ACTGAGCACGACTGCGCGCCTTATCACAGCTGATGGCAGA	-0.7
Rand20_10_4	GGTCGTGTTATGCTTACTCT	ACTGAGCACGGGTCGTGTTATGCTTACTCTTGATGGCAGA	0
Rand20_10_5	TCGTCAGGCTCATCAACATT	ACTGAGCACGTCGTCAGGCTCATCAACATTTGATGGCAGA	0
Rand20_10_6	TGCCAGTCACTAATTAACGA	ACTGAGCACGTGCCAGTCACTAATTAACGATGATGGCAGA	0
Rand20_10_7	AAACGGAATAACACTCGACT	ACTGAGCACGAAACGGAATAACACTCGACTTGATGGCAGA	0
Rand20_10_8	AGATTATCAGCCTGCGGACT	ACTGAGCACGAGATTATCAGCCTGCGGACTTGATGGCAGA	0
Rand20_10_9	GGGGGCGCTAAAGATTAAAT	ACTGAGCACGGGGGGCGCTAAAGATTAAATTGATGGCAGA	0
Rand20_10_10	AATTGTCTGAAAATCATTGA	ACTGAGCACGAATTGTCTGAAAATCATTGATGATGGCAGA	0
Rand20_10_11	CCCCTGAACACCACTTCTAC	ACTGAGCACGCCCCTGAACACCACTTCTACTGATGGCAGA	0
Rand20_10_12	CCTGTAACCCCCGTAACCCG	ACTGAGCACGCCTGTAACCCCCGTAACCCGTGATGGCAGA	0
Rand20_10_13	AAATGTGTGTTATGTATCTT	ACTGAGCACGAAATGTGTGTTATGTATCTTTGATGGCAGA	0
Rand20_10_14	TAGCCACGTTAGCCGTTTTA	ACTGAGCACGTAGCCACGTTAGCCGTTTTATGATGGCAGA	0
Rand20_10_15	TCCGGGCACAATTTCCAATG	ACTGAGCACGTCCGGGCACAATTTCCAATGTGATGGCAGA	-0.5
Rand20_10_16	ACCCTTAGCGCCGGATATCA	ACTGAGCACGACCCTTAGCGCCGGATATCATGATGGCAGA	-0.7
Rand20_10_17	GGTAAGGTTCTCAGAGTCTT	ACTGAGCACGGGTAAGGTTCTCAGAGTCTTTGATGGCAGA	-0.5
Rand20_10_18	GAAACTAGTAATCAAGTGGT	ACTGAGCACGGAAACTAGTAATCAAGTGGTTGATGGCAGA	-0.6
Rand20_10_19	TACGAAATTCTACCGTTGAC	ACTGAGCACGTACGAAATTCTACCGTTGACTGATGGCAGA	0
Rand20_10_20	AACGAAGTTAGGGGTGGGGG	ACTGAGCACGAACGAAGTTAGGGGTGGGGGTGATGGCAGA	0
Hairpins20_1	ATAATCTGGTACCAGATTAT	ACTGAGCACGATAATCTGGTACCAGATTATTGATGGCAGA	-6.4
Hairpins20_2	CGCAGGCACCGGTGCCTGCG	ACTGAGCACGCGCAGGCACCGGTGCCTGCGTGATGGCAGA	-13.3
Hairpins20_3	AAACGTTCGGCCGAACGTTT	ACTGAGCACGAAACGTTCGGCCGAACGTTTTGATGGCAGA	-7.3
Hairpins20_4	ACGAGATTCATGAATCTCGT	ACTGAGCACGACGAGATTCATGAATCTCGTTGATGGCAGA	-7.6
Hairpins20_5	AGCACCATCTAGATGGTGCT	ACTGAGCACGAGCACCATCTAGATGGTGCTTGATGGCAGA	-10.4
Hairpins20_6	ACTATATATTAATATATAGT	ACTGAGCACGACTATATATTAATATATAGTTGATGGCAGA	-4.4
Hairpins20_7	ACGCTTTTCGCGAAAAGCGT	ACTGAGCACGACGCTTTTCGCGAAAAGCGTTGATGGCAGA	-6.9
Hairpins20_8	AAAAGTATCATGATACTTTT	ACTGAGCACGAAAAGTATCATGATACTTTTTGATGGCAGA	-3.5
Hairpins20_9	GACATAAAGATCTTTATGTC	ACTGAGCACGGACATAAAGATCTTTATGTCTGATGGCAGA	-5.8
Hairpins20_10	GCTCGCCGCATGCGGCGAGC	ACTGAGCACGGCTCGCCGCATGCGGCGAGCTGATGGCAGA	-14.9
Hairpins20_11	GCTAAATTCCGGAATTTAGC	ACTGAGCACGGCTAAATTCCGGAATTTAGCTGATGGCAGA	-5.2
Hairpins20_12	CCTGCCTTGTACAAGGCAGG	ACTGAGCACGCCTGCCTTGTACAAGGCAGGTGATGGCAGA	-11.9
Hairpins20_13	CAGACCCGAGCTCGGGTCTG	ACTGAGCACGCAGACCCGAGCTCGGGTCTGTGATGGCAGA	-13.7
Hairpins20_14	GGCGATGGCGCGCCATCGCC	ACTGAGCACGGGCGATGGCGCGCCATCGCCTGATGGCAGA	-13.5
Hairpins20_15	TATTTCAAGATCTTGAAATA	ACTGAGCACGTATTTCAAGATCTTGAAATATGATGGCAGA	-4
Hairpins20_16	ATTTATATGATCATATAAAT	ACTGAGCACGATTTATATGATCATATAAATTGATGGCAGA	-1.9
Hairpins20_17	GTCTCCTCTTAAGAGGAGAC	ACTGAGCACGGTCTCCTCTTAAGAGGAGACTGATGGCAGA	-12.3
Hairpins20_18	GGCAAGTCGTACGACTTGCC	ACTGAGCACGGGCAAGTCGTACGACTTGCCTGATGGCAGA	-12.3
Hairpins20_19	CCTGTTCCGTACGGAACAGG	ACTGAGCACGCCTGTTCCGTACGGAACAGGTGATGGCAGA	-12.2
Hairpins20_20	CTCCGTACTGCAGTACGGAG	ACTGAGCACGCTCCGTACTGCAGTACGGAGTGATGGCAGA	-11.3
Hairpins20_21	CATCGCTCTATAGAGCGATG	ACTGAGCACGCATCGCTCTATAGAGCGATGTGATGGCAGA	-11.3
Hairpins20_22	CAGTCCGAGCGCTCGGACTG	ACTGAGCACGCAGTCCGAGCGCTCGGACTGTGATGGCAGA	-11.8
Hairpins20_23	CATATCGAATATTCGATATG	ACTGAGCACGCATATCGAATATTCGATATGTGATGGCAGA	-7.7
Hairpins20_24	CACCAAAGCTAGCTTTGGTG	ACTGAGCACGCACCAAAGCTAGCTTTGGTGTGATGGCAGA	-9.1
Hairpins20_25	GTTCTCGATGCATCGAGAAC	ACTGAGCACGGTTCTCGATGCATCGAGAACTGATGGCAGA	-9.3
Hairpins20_26	CTTCCTAACCGGTTAGGAAG	ACTGAGCACGCTTCCTAACCGGTTAGGAAGTGATGGCAGA	-7.5
Hairpins20_27	ATTTGGAGACGTCTCCAAAT	ACTGAGCACGATTTGGAGACGTCTCCAAATTGATGGCAGA	-8.2
Hairpins20_28	TACCTTTTACGTAAAAGGTA	ACTGAGCACGTACCTTTTACGTAAAAGGTATGATGGCAGA	-5.8
Hairpins20_29	TAAAGTCGTTAACGACTTTA	ACTGAGCACGTAAAGTCGTTAACGACTTTATGATGGCAGA	-7.2
Hairpins20_30	GCACCCGCACGTGCGGGTGC	ACTGAGCACGGCACCCGCACGTGCGGGTGCTGATGGCAGA	-16
Rand20_1_1	TCGTGCTCGACGGGATAGGCCGTCGAGCGG	ACTGAGCACGTCGTGCTCGACGGGATAGGCCGTCGAGCGGTGATGGCAGA	-19.1
Rand20_1_2	CGTCTCGTGCGGGTTCGACCCGCGCGGGCG	ACTGAGCACGCGTCTCGTGCGGGTTCGACCCGCGCGGGCGTGATGGCAGA	-20.9
Rand20_2_1	ATGGATGCGCGAGGAAGCGCGTCCAGGTCC	ACTGAGCACGATGGATGCGCGAGGAAGCGCGTCCAGGTCCTGATGGCAGA	-17
Rand20_2_2	TGGGCCGGCCCGGTGGCGAGGGCCCGCTCA	ACTGAGCACGTGGGCCGGCCCGGTGGCGAGGGCCCGCTCATGATGGCAGA	-18.2
Rand20_2_3	GTTGGCGCCTCCTAGGGGCGCTAACAAGTG	ACTGAGCACGGTTGGCGCCTCCTAGGGGCGCTAACAAGTGTGATGGCAGA	-18.6
Rand20_2_4	GCCGTCGCACTGCATTATGCAGTGCGAGCT	ACTGAGCACGGCCGTCGCACTGCATTATGCAGTGCGAGCTTGATGGCAGA	-17.6
Rand20_2_5	GCCCAGCGCTGCATCAGCGTTGGGATCGTC	ACTGAGCACGGCCCAGCGCTGCATCAGCGTTGGGATCGTCTGATGGCAGA	-17.7
Rand20_2_6	TCTGCTGCGTGGCATGTCGCAGCGCGGCAG	ACTGAGCACGTCTGCTGCGTGGCATGTCGCAGCGCGGCAGTGATGGCAGA	-17.5
Rand20_2_7	GGGGGGGCCGCGTTGCGGCTGCGCCTACTA	ACTGAGCACGGGGGGGGCCGCGTTGCGGCTGCGCCTACTATGATGGCAGA	-17.3
Rand20_2_8	CAAGCAGCCCGGGGATACCGGGCTTGCCGC	ACTGAGCACGCAAGCAGCCCGGGGATACCGGGCTTGCCGCTGATGGCAGA	-17.3
Rand20_2_9	CGCACCCTCCTTTTATCAAGGAGGGTAGCT	ACTGAGCACGCGCACCCTCCTTTTATCAAGGAGGGTAGCTTGATGGCAGA	-17.1
Rand20_2_10	ACCCGTCGAGGGACGATGGTGCTCGGCGGG	ACTGAGCACGACCCGTCGAGGGACGATGGTGCTCGGCGGGTGATGGCAGA	-17.5
Rand20_2_11	CATCACCCAGGGTTAACCCCTGGGGGGATG	ACTGAGCACGCATCACCCAGGGTTAACCCCTGGGGGGATGTGATGGCAGA	-17.2
Rand20_2_12	GGGGGTGCTGCCGCGAAGGCAGATTACCCC	ACTGAGCACGGGGGGTGCTGCCGCGAAGGCAGATTACCCCTGATGGCAGA	-17.3
Rand20_2_13	TGGCCTGCCCCATGGGGCAGGTCCGGTACT	ACTGAGCACGTGGCCTGCCCCATGGGGCAGGTCCGGTACTTGATGGCAGA	-17.7
Rand20_2_14	CTGATGGGCGCCGGGGAGACCCGGGGCGCT	ACTGAGCACGCTGATGGGCGCCGGGGAGACCCGGGGCGCTTGATGGCAGA	-18.2
Rand20_2_15	TCGGACGAGCCCAGGGATGGGCTCACCGAT	ACTGAGCACGTCGGACGAGCCCAGGGATGGGCTCACCGATTGATGGCAGA	-18.1
Rand20_2_16	CGGGGCTGGTGTAATGAAACATCGGTCCCG	ACTGAGCACGCGGGGCTGGTGTAATGAAACATCGGTCCCGTGATGGCAGA	-18.8
Rand20_2_17	CAGGGAGAGGCCGGCTAAACGCCGGCCTGG	ACTGAGCACGCAGGGAGAGGCCGGCTAAACGCCGGCCTGGTGATGGCAGA	-17.6
Rand20_2_18	CGAATGGAGGGGGGCGACAGCCCCCCAGCG	ACTGAGCACGCGAATGGAGGGGGGCGACAGCCCCCCAGCGTGATGGCAGA	-18.4
Rand20_2_19	AAAGGCGCCCACGCTCTTGGGGGGTGCCTC	ACTGAGCACGAAAGGCGCCCACGCTCTTGGGGGGTGCCTCTGATGGCAGA	-17.7
Rand20_2_20	AACGGGTAGGGGCCAGCGCCCCTGCTTTGT	ACTGAGCACGAACGGGTAGGGGCCAGCGCCCCTGCTTTGTTGATGGCAGA	-17.1
Rand20_2_21	CGACGCAGAGGGAATGCCCTTGGTGCGTCG	ACTGAGCACGCGACGCAGAGGGAATGCCCTTGGTGCGTCGTGATGGCAGA	-16.8
Rand20_2_22	TAGTCTGCGGCAGGCCTGCCGCGGATACTC	ACTGAGCACGTAGTCTGCGGCAGGCCTGCCGCGGATACTCTGATGGCAGA	-17.3
Rand30_3_1	GCTCGCGGTAGTACTTAACCGCCGTGGGCG	ACTGAGCACGGCTCGCGGTAGTACTTAACCGCCGTGGGCGTGATGGCAGA	-16.6
Rand30_3_2	GCGACCAGCGCGACTTCGCGCAGGTACGTC	ACTGAGCACGGCGACCAGCGCGACTTCGCGCAGGTACGTCTGATGGCAGA	-15.2
Rand30_3_3	ATGCGGGCCCACCTGCGGGGCCGCTACAAT	ACTGAGCACGATGCGGGCCCACCTGCGGGGCCGCTACAATTGATGGCAGA	-15.3
Rand30_3_4	GGGACCATCTGCAATTGCAGGATGATCCCG	ACTGAGCACGGGGACCATCTGCAATTGCAGGATGATCCCGTGATGGCAGA	-14.8
Rand30_3_5	TGTGACTTCTCGTCAAGAGGGGTCACATAG	ACTGAGCACGTGTGACTTCTCGTCAAGAGGGGTCACATAGTGATGGCAGA	-16.3
Rand30_3_6	GGGTGCCGTGGCCCGGACACGGCGCGTTCT	ACTGAGCACGGGGTGCCGTGGCCCGGACACGGCGCGTTCTTGATGGCAGA	-15.4
Rand30_3_7	GGGCCGGGTGCCCACAACGTGGCCCTCGCG	ACTGAGCACGGGGCCGGGTGCCCACAACGTGGCCCTCGCGTGATGGCAGA	-15
Rand30_3_8	AAGGTTAGTCCACAGCCAGGACTGACCACG	ACTGAGCACGAAGGTTAGTCCACAGCCAGGACTGACCACGTGATGGCAGA	-14.8
Rand30_3_9	GCGAGAGCTGCGTGGACGAGTAGCTCTGGA	ACTGAGCACGGCGAGAGCTGCGTGGACGAGTAGCTCTGGATGATGGCAGA	-15.1
Rand30_3_10	TCGCACCTCTCCCCAAACCGGGAGGGGCTC	ACTGAGCACGTCGCACCTCTCCCCAAACCGGGAGGGGCTCTGATGGCAGA	-14.8
Rand30_3_11	GCAACCGCCTGCACGGAGACGTGCGGGTAA	ACTGAGCACGGCAACCGCCTGCACGGAGACGTGCGGGTAATGATGGCAGA	-16.6
Rand30_3_12	ATGCTCCCCTGGACTTGCTGCCTGGGGAGC	ACTGAGCACGATGCTCCCCTGGACTTGCTGCCTGGGGAGCTGATGGCAGA	-16.7
Rand30_3_13	GATCCAGACCACGATGGCGTGGCTGGAGGG	ACTGAGCACGGATCCAGACCACGATGGCGTGGCTGGAGGGTGATGGCAGA	-15.5
Rand30_3_14	AGTCGGCCCCGAGCTTTGCTCCGGGGCGTT	ACTGAGCACGAGTCGGCCCCGAGCTTTGCTCCGGGGCGTTTGATGGCAGA	-16
Rand30_3_15	TGGCCTGTCAGAACGGGTCTGATAAGGCCT	ACTGAGCACGTGGCCTGTCAGAACGGGTCTGATAAGGCCTTGATGGCAGA	-15.5
Rand30_3_16	CCGGGTACCAGCCGTTGGGGTTGCGCCCGT	ACTGAGCACGCCGGGTACCAGCCGTTGGGGTTGCGCCCGTTGATGGCAGA	-14.7
Rand30_3_17	GTTGGGTGACTAGTCGCCAGTTACCCGACG	ACTGAGCACGGTTGGGTGACTAGTCGCCAGTTACCCGACGTGATGGCAGA	-16.3
Rand30_3_18	AGCATATCGGAGGCACAATCTCTGATATGC	ACTGAGCACGAGCATATCGGAGGCACAATCTCTGATATGCTGATGGCAGA	-15.5
Rand30_3_19	GGGGGGGTGGACCCTGCCTCCCTACTGAGC	ACTGAGCACGGGGGGGGTGGACCCTGCCTCCCTACTGAGCTGATGGCAGA	-14.7
Rand30_3_20	TAACCCATAGTCGGCCGATGGCCGGCTAAG	ACTGAGCACGTAACCCATAGTCGGCCGATGGCCGGCTAAGTGATGGCAGA	-14.7
Rand30_4_1	ATGGCCCCCGGCTTCAGATGAGGACGGGGC	ACTGAGCACGATGGCCCCCGGCTTCAGATGAGGACGGGGCTGATGGCAGA	-13.5
Rand30_4_2	CCTTGGCGGTGCGGCAGCTCCAGCTCAGGG	ACTGAGCACGCCTTGGCGGTGCGGCAGCTCCAGCTCAGGGTGATGGCAGA	-13.1
Rand30_4_3	GACAGGCTGTTCCACGGATAGTCTAGTCGG	ACTGAGCACGGACAGGCTGTTCCACGGATAGTCTAGTCGGTGATGGCAGA	-12.6
Rand30_4_4	TTGCGACCTAACGTGTGTTGGTTGGGTGGC	ACTGAGCACGTTGCGACCTAACGTGTGTTGGTTGGGTGGCTGATGGCAGA	-13.4
Rand30_4_5	GCGGTCTTATCACGGGCAACAGCGCCCGTG	ACTGAGCACGGCGGTCTTATCACGGGCAACAGCGCCCGTGTGATGGCAGA	-12.9
Rand30_4_6	GCCTTCTGAATCAGAAGGCGAATAGTTTTG	ACTGAGCACGGCCTTCTGAATCAGAAGGCGAATAGTTTTGTGATGGCAGA	-12.6
Rand30_4_7	AGCGCTCGGGCATCCTCCCCCGGCCGGGCG	ACTGAGCACGAGCGCTCGGGCATCCTCCCCCGGCCGGGCGTGATGGCAGA	-12.6
Rand30_4_8	GGTCTTGCAGGAGCTGTCCTGCAACCGGAT	ACTGAGCACGGGTCTTGCAGGAGCTGTCCTGCAACCGGATTGATGGCAGA	-14.3
Rand30_4_9	TACGCTGCTCCTAGGGGGAGCTGGCGAGTC	ACTGAGCACGTACGCTGCTCCTAGGGGGAGCTGGCGAGTCTGATGGCAGA	-14
Rand30_4_10	TGGCGCCGACTCGGTGCCGCTATCTTGGCT	ACTGAGCACGTGGCGCCGACTCGGTGCCGCTATCTTGGCTTGATGGCAGA	-14.4
Rand30_4_11	GGTCAGAGCGTTATATTTAATGCGCTCTGG	ACTGAGCACGGGTCAGAGCGTTATATTTAATGCGCTCTGGTGATGGCAGA	-12.9
Rand30_4_12	TAACTTCCCGCGCGTAAATGAACGCGCGAG	ACTGAGCACGTAACTTCCCGCGCGTAAATGAACGCGCGAGTGATGGCAGA	-12.8
Rand30_4_13	CGCCGCCTTCCGTGAGCATGGGTGGGTGGG	ACTGAGCACGCGCCGCCTTCCGTGAGCATGGGTGGGTGGGTGATGGCAGA	-13
Rand30_4_14	TTCCACGACCAACGCTTCGTTGGGTGTGGT	ACTGAGCACGTTCCACGACCAACGCTTCGTTGGGTGTGGTTGATGGCAGA	-14.1
Rand30_4_15	GCTGGCGGAATCGATTTTCCGTTAGTTCAT	ACTGAGCACGGCTGGCGGAATCGATTTTCCGTTAGTTCATTGATGGCAGA	-13
Rand30_4_16	ACTCCCCGTGTGATAGCTTGCGGGGATGCC	ACTGAGCACGACTCCCCGTGTGATAGCTTGCGGGGATGCCTGATGGCAGA	-12.7
Rand30_4_17	CCAGGTACCCTGGCCGGGTGCCGGATAGCC	ACTGAGCACGCCAGGTACCCTGGCCGGGTGCCGGATAGCCTGATGGCAGA	-14.3
Rand30_4_18	AGGGGTATACTCTACGTGGGTTATCCCCTA	ACTGAGCACGAGGGGTATACTCTACGTGGGTTATCCCCTATGATGGCAGA	-12.9
Rand30_4_19	GCTGCATCATACGACCTGGTGTCGTGCGGC	ACTGAGCACGGCTGCATCATACGACCTGGTGTCGTGCGGCTGATGGCAGA	-13.5
Rand30_4_20	TCGCCAGTCCTAGTAGGATATTGGCGACGG	ACTGAGCACGTCGCCAGTCCTAGTAGGATATTGGCGACGGTGATGGCAGA	-13.1
Rand30_5_1	GGGATGAGGTGTGTTTCATCTCGCTCAAGA	ACTGAGCACGGGGATGAGGTGTGTTTCATCTCGCTCAAGATGATGGCAGA	-10.8
Rand30_5_2	AAGCGGCCTCAACGAGGTCGCGTGACGCTC	ACTGAGCACGAAGCGGCCTCAACGAGGTCGCGTGACGCTCTGATGGCAGA	-12.2
Rand30_5_3	ATCGACCGACTGGCGATCCGGGGGATTGCC	ACTGAGCACGATCGACCGACTGGCGATCCGGGGGATTGCCTGATGGCAGA	-10.8
Rand30_5_4	TTGACGCGGGTCGTACGCCGCGCAGCCCGT	ACTGAGCACGTTGACGCGGGTCGTACGCCGCGCAGCCCGTTGATGGCAGA	-10.5
Rand30_5_5	GGGCGATGCAGCCCACTGTCCTGATTTGGA	ACTGAGCACGGGGCGATGCAGCCCACTGTCCTGATTTGGATGATGGCAGA	-10.7
Rand30_5_6	CGAACCGGCATTCCGGTTTGATTAAATCAC	ACTGAGCACGCGAACCGGCATTCCGGTTTGATTAAATCACTGATGGCAGA	-10.8
Rand30_5_7	GAAGGAGGACAACCCGGATGGGATGCTTCC	ACTGAGCACGGAAGGAGGACAACCCGGATGGGATGCTTCCTGATGGCAGA	-11.6
Rand30_5_8	GCGCCTGGTCCCCGGTGAAAGGGGTCCTTG	ACTGAGCACGGCGCCTGGTCCCCGGTGAAAGGGGTCCTTGTGATGGCAGA	-11.3
Rand30_5_9	AGCGCAAGCGCGAACGCTCGGCCTGGCGCA	ACTGAGCACGAGCGCAAGCGCGAACGCTCGGCCTGGCGCATGATGGCAGA	-11.7
Rand30_5_10	CTGGCTAGCCGAACGAGAGAAGGGTTAGCC	ACTGAGCACGCTGGCTAGCCGAACGAGAGAAGGGTTAGCCTGATGGCAGA	-12.2
Rand30_5_11	AGAGCTCCCTCTTGGGCGCTCATCACAAAT	ACTGAGCACGAGAGCTCCCTCTTGGGCGCTCATCACAAATTGATGGCAGA	-12.5
Rand30_5_12	TCTACCATCGATAATTTCAATGGTGGACTA	ACTGAGCACGTCTACCATCGATAATTTCAATGGTGGACTATGATGGCAGA	-10.9
Rand30_5_13	CGGAGAGCCGGGAGAGACCCCCGGATCCAC	ACTGAGCACGCGGAGAGCCGGGAGAGACCCCCGGATCCACTGATGGCAGA	-12
Rand30_5_14	TTCAGTTTTGGTGTATAGCCCAGAGCTGTC	ACTGAGCACGTTCAGTTTTGGTGTATAGCCCAGAGCTGTCTGATGGCAGA	-11.4
Rand30_5_15	AAGTGACAGCGGGAAAATCCCATGTGTCAC	ACTGAGCACGAAGTGACAGCGGGAAAATCCCATGTGTCACTGATGGCAGA	-11.7
Rand30_5_16	CCTGCTGTGTAGGCAGCAGCACGGAATCAA	ACTGAGCACGCCTGCTGTGTAGGCAGCAGCACGGAATCAATGATGGCAGA	-10.5
Rand30_5_17	TGGTTCTCCCGCGTGGGACGACGCCGGGAT	ACTGAGCACGTGGTTCTCCCGCGTGGGACGACGCCGGGATTGATGGCAGA	-12.2
Rand30_5_18	AAGGGTGGTTGTACAAGGCAGAACACCCAG	ACTGAGCACGAAGGGTGGTTGTACAAGGCAGAACACCCAGTGATGGCAGA	-10.6
Rand30_5_19	GCTACCTGTTTCAAGGCGGGCAGCGCCCGC	ACTGAGCACGGCTACCTGTTTCAAGGCGGGCAGCGCCCGCTGATGGCAGA	-10.7
Rand30_5_20	GGAGGGCGTCACCGCTCTCGGGACGTCATG	ACTGAGCACGGGAGGGCGTCACCGCTCTCGGGACGTCATGTGATGGCAGA	-12.5
Rand30_6_1	CTCTGTAGGCAATTGGCTGCAGTCTCAGTG	ACTGAGCACGCTCTGTAGGCAATTGGCTGCAGTCTCAGTGTGATGGCAGA	-8.7
Rand30_6_2	ATGGGGGAGTTAGAGCTGCTCGCGCAGGTT	ACTGAGCACGATGGGGGAGTTAGAGCTGCTCGCGCAGGTTTGATGGCAGA	-8.7
Rand30_6_3	TCCTGGTCTTCGTGTATGGTCGGCGGGGAA	ACTGAGCACGTCCTGGTCTTCGTGTATGGTCGGCGGGGAATGATGGCAGA	-9.5
Rand30_6_4	CTTACCCAAGCCAACGAGGCAGTGGGGTTC	ACTGAGCACGCTTACCCAAGCCAACGAGGCAGTGGGGTTCTGATGGCAGA	-9.8
Rand30_6_5	GGGTAATTATGCCGTGGACAGTCGAGTCCA	ACTGAGCACGGGGTAATTATGCCGTGGACAGTCGAGTCCATGATGGCAGA	-8.9
Rand30_6_6	GGCTGGGCGCCAGGCCCGAGTGTACCTTGC	ACTGAGCACGGGCTGGGCGCCAGGCCCGAGTGTACCTTGCTGATGGCAGA	-9.9
Rand30_6_7	AGCTCAACTTCCCAGCGGTGTTGAGGTCCT	ACTGAGCACGAGCTCAACTTCCCAGCGGTGTTGAGGTCCTTGATGGCAGA	-8.4
Rand30_6_8	TTCCGGCTGAAGACCATGTTCGAGTGGGAT	ACTGAGCACGTTCCGGCTGAAGACCATGTTCGAGTGGGATTGATGGCAGA	-8.7
Rand30_6_9	CCGTGCCCTAAATGAGGAGGACGTGCGGAT	ACTGAGCACGCCGTGCCCTAAATGAGGAGGACGTGCGGATTGATGGCAGA	-9.1
Rand30_6_10	ATCCCACACCACGCCAGTTATGGCTTGTGG	ACTGAGCACGATCCCACACCACGCCAGTTATGGCTTGTGGTGATGGCAGA	-9.9
Rand30_6_11	GTTATCTATTAGTGCTGCGCCTAATAGAAA	ACTGAGCACGGTTATCTATTAGTGCTGCGCCTAATAGAAATGATGGCAGA	-9
Rand30_6_12	TTCAGGGCAAGCTGTAAGCCGGTTGTCCCA	ACTGAGCACGTTCAGGGCAAGCTGTAAGCCGGTTGTCCCATGATGGCAGA	-8.6
Rand30_6_13	TACCAGGGGTAGACGATGTCTATACTCTTG	ACTGAGCACGTACCAGGGGTAGACGATGTCTATACTCTTGTGATGGCAGA	-8.4
Rand30_6_14	CTGGGCAGTGCCTGAAGCACTCCTCGATGC	ACTGAGCACGCTGGGCAGTGCCTGAAGCACTCCTCGATGCTGATGGCAGA	-9.4
Rand30_6_15	ACGCCTGCCGACGAACCTTGCGGAAGGGCC	ACTGAGCACGACGCCTGCCGACGAACCTTGCGGAAGGGCCTGATGGCAGA	-10.1
Rand30_6_16	GGCGAAGACTCGCGCACGTATATTGGGTGC	ACTGAGCACGGGCGAAGACTCGCGCACGTATATTGGGTGCTGATGGCAGA	-9.2
Rand30_6_17	CCAGCTAAAGCGCGTGCGAGAGAATGCGCT	ACTGAGCACGCCAGCTAAAGCGCGTGCGAGAGAATGCGCTTGATGGCAGA	-9.9
Rand30_6_18	ACGGCGATTGGCCCATCGCTGGAGTCATAG	ACTGAGCACGACGGCGATTGGCCCATCGCTGGAGTCATAGTGATGGCAGA	-9.1
Rand30_6_19	CCGTTCGGCGCGGTAGTGGGCAGCTCGGAG	ACTGAGCACGCCGTTCGGCGCGGTAGTGGGCAGCTCGGAGTGATGGCAGA	-8.5
Rand30_6_20	CGATGTCTTAGTTGCTAGCAACGTAGGACC	ACTGAGCACGCGATGTCTTAGTTGCTAGCAACGTAGGACCTGATGGCAGA	-8.4
Rand30_7_1	CAGGGTTTTTGAACCCTAGTGGTAACGTGG	ACTGAGCACGCAGGGTTTTTGAACCCTAGTGGTAACGTGGTGATGGCAGA	-6.7
Rand30_7_2	TCTCGGGGTGGCTCGCGCTTCAAGGTGTAT	ACTGAGCACGTCTCGGGGTGGCTCGCGCTTCAAGGTGTATTGATGGCAGA	-7
Rand30_7_3	CTGGTGCGCCCGTCAAACAAGCGGTACTGG	ACTGAGCACGCTGGTGCGCCCGTCAAACAAGCGGTACTGGTGATGGCAGA	-6.4
Rand30_7_4	GCACTATAACAGCTAGGCATTTGCCGAGTT	ACTGAGCACGGCACTATAACAGCTAGGCATTTGCCGAGTTTGATGGCAGA	-6.4
Rand30_7_5	AGGGTCACGAGGGGTTACTAACGTTCCCCC	ACTGAGCACGAGGGTCACGAGGGGTTACTAACGTTCCCCCTGATGGCAGA	-7.1
Rand30_7_6	ATAGGTCGACTTTGGGGGGTCGTACAGGGC	ACTGAGCACGATAGGTCGACTTTGGGGGGTCGTACAGGGCTGATGGCAGA	-7.2
Rand30_7_7	AACAAGCCAAGAGATGCGTTCGCGTGTCAG	ACTGAGCACGAACAAGCCAAGAGATGCGTTCGCGTGTCAGTGATGGCAGA	-6.7
Rand30_7_8	TTGTTGGAACTGCGAAGGTGCCGCTGCGCC	ACTGAGCACGTTGTTGGAACTGCGAAGGTGCCGCTGCGCCTGATGGCAGA	-6.4
Rand30_7_9	AAGTCGGTTACCGCAGCGGTTCCACTGGAG	ACTGAGCACGAAGTCGGTTACCGCAGCGGTTCCACTGGAGTGATGGCAGA	-6.8
Rand30_7_10	ACCCCTGTCCCAGTTGGATAACTGGAAGTT	ACTGAGCACGACCCCTGTCCCAGTTGGATAACTGGAAGTTTGATGGCAGA	-6.8
Rand30_7_11	TCAGCGGGTAGCAAAAAGACCCACACTGGA	ACTGAGCACGTCAGCGGGTAGCAAAAAGACCCACACTGGATGATGGCAGA	-6.6
Rand30_7_12	CTCCCGTACGGCGGAGACATCGAGCACGGA	ACTGAGCACGCTCCCGTACGGCGGAGACATCGAGCACGGATGATGGCAGA	-6.7
Rand30_7_13	ACTCTACGCCTGTTCGGTCGTGTGCGGCGA	ACTGAGCACGACTCTACGCCTGTTCGGTCGTGTGCGGCGATGATGGCAGA	-7.5
Rand30_7_14	ACGATGCTGGAGGTAGCCCAGAGTATGGGC	ACTGAGCACGACGATGCTGGAGGTAGCCCAGAGTATGGGCTGATGGCAGA	-7.8
Rand30_7_15	CCAGGCGTGCACGAACGGTCGTTAGGCATA	ACTGAGCACGCCAGGCGTGCACGAACGGTCGTTAGGCATATGATGGCAGA	-6.4
Rand30_7_16	GGAAGTGGATGCCGTGTGCATAGGCGGTCG	ACTGAGCACGGGAAGTGGATGCCGTGTGCATAGGCGGTCGTGATGGCAGA	-6.3
Rand30_7_17	CTAAGAGAGGTGACAACCGTATCATTGGGA	ACTGAGCACGCTAAGAGAGGTGACAACCGTATCATTGGGATGATGGCAGA	-6.3
Rand30_7_18	CTGGTTCCATTGCCTCACGCGAGCTAGTAG	ACTGAGCACGCTGGTTCCATTGCCTCACGCGAGCTAGTAGTGATGGCAGA	-6.5
Rand30_7_19	GTGTTGTGGGCAGTATTCGCGAGAAACTGC	ACTGAGCACGGTGTTGTGGGCAGTATTCGCGAGAAACTGCTGATGGCAGA	-6.9
Rand30_7_20	ACAACCATATCTGTTACTTATAATGGTTGT	ACTGAGCACGACAACCATATCTGTTACTTATAATGGTTGTTGATGGCAGA	-7
Rand30_8_1	TACGCGAGGCTTTCGTGATCTGTACCCAGT	ACTGAGCACGTACGCGAGGCTTTCGTGATCTGTACCCAGTTGATGGCAGA	-4.9
Rand30_8_2	GCGTTACGGAGGAGGCCTCTCGGTCATAGA	ACTGAGCACGGCGTTACGGAGGAGGCCTCTCGGTCATAGATGATGGCAGA	-5.9
Rand30_8_3	GCTCAGTTGGCTACATCGGCTTCGCACAGA	ACTGAGCACGGCTCAGTTGGCTACATCGGCTTCGCACAGATGATGGCAGA	-5.4
Rand30_8_4	TGTGCGGCTAGCGATTAGAGAATTGGCCCG	ACTGAGCACGTGTGCGGCTAGCGATTAGAGAATTGGCCCGTGATGGCAGA	-5
Rand30_8_5	ATCAACTGGTCGGCAAATAATGGCTAATCG	ACTGAGCACGATCAACTGGTCGGCAAATAATGGCTAATCGTGATGGCAGA	-4.5
Rand30_8_6	GATAAGTGCAGGGTGTTATGTTTATCATCC	ACTGAGCACGGATAAGTGCAGGGTGTTATGTTTATCATCCTGATGGCAGA	-4.6
Rand30_8_7	AGCTTATGACTTGTGAGCTATGCGAACTTG	ACTGAGCACGAGCTTATGACTTGTGAGCTATGCGAACTTGTGATGGCAGA	-6.1
Rand30_8_8	TATAGGATGTGCCGTATGGTCAGCCCCATC	ACTGAGCACGTATAGGATGTGCCGTATGGTCAGCCCCATCTGATGGCAGA	-4.6
Rand30_8_9	ACAATCCTTACCTCCTCCAGGCGGTGTCCG	ACTGAGCACGACAATCCTTACCTCCTCCAGGCGGTGTCCGTGATGGCAGA	-5.3
Rand30_8_10	TAGGGGCCGTATTTGAATTCGTTGGTCACT	ACTGAGCACGTAGGGGCCGTATTTGAATTCGTTGGTCACTTGATGGCAGA	-4.3
Rand30_8_11	CTGGAGTTTATAGGGGCGTACCCAACGCAT	ACTGAGCACGCTGGAGTTTATAGGGGCGTACCCAACGCATTGATGGCAGA	-4.9
Rand30_8_12	TCAGTGATGATTCACTATCAGACGAGCGTC	ACTGAGCACGTCAGTGATGATTCACTATCAGACGAGCGTCTGATGGCAGA	-5.4
Rand30_8_13	GGTCCATTGCGAGTTCTTTGGGTGAGGATC	ACTGAGCACGGGTCCATTGCGAGTTCTTTGGGTGAGGATCTGATGGCAGA	-6.2
Rand30_8_14	AGTGACGCTTTTCATAGTCACAGTACTTTC	ACTGAGCACGAGTGACGCTTTTCATAGTCACAGTACTTTCTGATGGCAGA	-6.2
Rand30_8_15	TCCGTGGCAAGTCAATGGGTCTTTGTCATC	ACTGAGCACGTCCGTGGCAAGTCAATGGGTCTTTGTCATCTGATGGCAGA	-5.2
Rand30_8_16	GAGTCAACGTCTATTGACTGTACTTATTCC	ACTGAGCACGGAGTCAACGTCTATTGACTGTACTTATTCCTGATGGCAGA	-5.1
Rand30_8_17	CGACCATTCCATGGCGTTAGCGTGGTTCCC	ACTGAGCACGCGACCATTCCATGGCGTTAGCGTGGTTCCCTGATGGCAGA	-5.6
Rand30_8_18	GGTGAAGCGGGTAGTAATGACCGAAGGTCA	ACTGAGCACGGGTGAAGCGGGTAGTAATGACCGAAGGTCATGATGGCAGA	-4.4
Rand30_8_19	AAGCTGAGGTCTCGGCGGGCATATTTCATC	ACTGAGCACGAAGCTGAGGTCTCGGCGGGCATATTTCATCTGATGGCAGA	-5.6
Rand30_8_20	GGTTGGATAGTGTGTCGGGTGTACGGCTGG	ACTGAGCACGGGTTGGATAGTGTGTCGGGTGTACGGCTGGTGATGGCAGA	-4.7
Rand30_9_1	GGCGGGAATCGCTTGTGTGTCATCTATAGA	ACTGAGCACGGGCGGGAATCGCTTGTGTGTCATCTATAGATGATGGCAGA	-3.3
Rand30_9_2	ACTCTTTCAGAGGGGAATAATCAGGCCTTA	ACTGAGCACGACTCTTTCAGAGGGGAATAATCAGGCCTTATGATGGCAGA	-3.1
Rand30_9_3	TTGCGAATTCGAGAATCCTCTCACACCGAG	ACTGAGCACGTTGCGAATTCGAGAATCCTCTCACACCGAGTGATGGCAGA	-3.3
Rand30_9_4	TGCGCTCAATAGGTCGAGGTGGAAGACGCT	ACTGAGCACGTGCGCTCAATAGGTCGAGGTGGAAGACGCTTGATGGCAGA	-3.6
Rand30_9_5	GGGATTGTGCACCGAAGTTGTAAACCGACA	ACTGAGCACGGGGATTGTGCACCGAAGTTGTAAACCGACATGATGGCAGA	-2.8
Rand30_9_6	CTCAAAGGACTTTGTTCTGCAATGATATTG	ACTGAGCACGCTCAAAGGACTTTGTTCTGCAATGATATTGTGATGGCAGA	-2.3
Rand30_9_7	GGAGTCGTGACGCCTACTTCGAACTAAGAC	ACTGAGCACGGGAGTCGTGACGCCTACTTCGAACTAAGACTGATGGCAGA	-3.2
Rand30_9_8	TCTGAAGTGCTGCTATCTTTAAGGTGTCAC	ACTGAGCACGTCTGAAGTGCTGCTATCTTTAAGGTGTCACTGATGGCAGA	-2.6
Rand30_9_9	GGTGTATGAGGACCTACTTCCATCTGTTTG	ACTGAGCACGGGTGTATGAGGACCTACTTCCATCTGTTTGTGATGGCAGA	-3.7
Rand30_9_10	GGGTTCGGAGGGGGCATGACGATTGGTAGG	ACTGAGCACGGGGTTCGGAGGGGGCATGACGATTGGTAGGTGATGGCAGA	-2.6
Rand30_9_11	GGAAATGGCATCAGTGCGAAGGAGATGACC	ACTGAGCACGGGAAATGGCATCAGTGCGAAGGAGATGACCTGATGGCAGA	-3.4
Rand30_9_12	GGTGGTATTAGGTAGCAACTGCGTTCGTAC	ACTGAGCACGGGTGGTATTAGGTAGCAACTGCGTTCGTACTGATGGCAGA	-3.5
Rand30_9_13	GTGTTGCTACCAACGAAACTTGTTTTTAGT	ACTGAGCACGGTGTTGCTACCAACGAAACTTGTTTTTAGTTGATGGCAGA	-2.9
Rand30_9_14	GAGACCGTTCAGCATCAAGTAAGTGCCCGA	ACTGAGCACGGAGACCGTTCAGCATCAAGTAAGTGCCCGATGATGGCAGA	-2.1
Rand30_9_15	TGGTCGTTAAGATCACCCTTTGCCGCATAG	ACTGAGCACGTGGTCGTTAAGATCACCCTTTGCCGCATAGTGATGGCAGA	-4
Rand30_9_16	ACGTGCAATGATCGTCAGGCCAGAGCCCTT	ACTGAGCACGACGTGCAATGATCGTCAGGCCAGAGCCCTTTGATGGCAGA	-3.1
Rand30_9_17	TGTAGTATTCCTAAGTTTGGCTGGGACCTG	ACTGAGCACGTGTAGTATTCCTAAGTTTGGCTGGGACCTGTGATGGCAGA	-4
Rand30_9_18	ACTAATATCCTGAGTTAGCGCGGAGGTCCG	ACTGAGCACGACTAATATCCTGAGTTAGCGCGGAGGTCCGTGATGGCAGA	-3.1
Rand30_9_19	TTAAGCTTAGAGGCGTGGCTTTGGATGGTA	ACTGAGCACGTTAAGCTTAGAGGCGTGGCTTTGGATGGTATGATGGCAGA	-4.1
Rand30_9_20	TGTTGGTAATAACCGCGGTATTAGACGGAT	ACTGAGCACGTGTTGGTAATAACCGCGGTATTAGACGGATTGATGGCAGA	-2.8
Rand30_10_1	CTGAACACGCCACGTAACAAATGTCACACT	ACTGAGCACGCTGAACACGCCACGTAACAAATGTCACACTTGATGGCAGA	0
Rand30_10_2	TCGGCTCCTTGTATAATCACCCTACTTTCT	ACTGAGCACGTCGGCTCCTTGTATAATCACCCTACTTTCTTGATGGCAGA	0
Rand30_10_3	TGGATTAGTTCACGACAGGCCCAGGACACA	ACTGAGCACGTGGATTAGTTCACGACAGGCCCAGGACACATGATGGCAGA	-1.3
Rand30_10_4	CCTCTCGACTAATATTTCAACGCCCTGGGC	ACTGAGCACGCCTCTCGACTAATATTTCAACGCCCTGGGCTGATGGCAGA	-1.6
Rand30_10_5	TGGTTCGAAAGCCCAGTGCGACATTTACGA	ACTGAGCACGTGGTTCGAAAGCCCAGTGCGACATTTACGATGATGGCAGA	-1.8
Rand30_10_6	CACGCAGTAGCAACACCCCTATCTTAAGTT	ACTGAGCACGCACGCAGTAGCAACACCCCTATCTTAAGTTTGATGGCAGA	-0.8
Rand30_10_7	GTATACATCCACTTTCAAAGTCAGTTCTCA	ACTGAGCACGGTATACATCCACTTTCAAAGTCAGTTCTCATGATGGCAGA	0
Rand30_10_8	GCCTTTAGGACCAGCTGCGTGAAAAACACA	ACTGAGCACGGCCTTTAGGACCAGCTGCGTGAAAAACACATGATGGCAGA	-1.3
Rand30_10_9	CGATATTGCAACACAGATTCCCCTCACGAC	ACTGAGCACGCGATATTGCAACACAGATTCCCCTCACGACTGATGGCAGA	0
Rand30_10_10	TGGCTGGCACCAGGGTTGAGACATAAGAAG	ACTGAGCACGTGGCTGGCACCAGGGTTGAGACATAAGAAGTGATGGCAGA	-1.5
Rand30_10_11	AGATCCGTTAATGAGATTCTGTGCTAGTCG	ACTGAGCACGAGATCCGTTAATGAGATTCTGTGCTAGTCGTGATGGCAGA	-0.8
Rand30_10_12	GACACATTAGCTGAGCAAACCTACCCAGGG	ACTGAGCACGGACACATTAGCTGAGCAAACCTACCCAGGGTGATGGCAGA	-1.7
Rand30_10_13	TAAACTGTAACCATTTACAACAAATCCTCG	ACTGAGCACGTAAACTGTAACCATTTACAACAAATCCTCGTGATGGCAGA	-1.6
Rand30_10_14	GGACTTCACCGTACTACAAATCTCCACGCG	ACTGAGCACGGGACTTCACCGTACTACAAATCTCCACGCGTGATGGCAGA	-0.7
Rand30_10_15	ACAAGGAGGAAACGGTTGTCAAGACATTAA	ACTGAGCACGACAAGGAGGAAACGGTTGTCAAGACATTAATGATGGCAGA	-0.4
Rand30_10_16	AGCACAAGACTGAGAAAAATTATGAGATGT	ACTGAGCACGAGCACAAGACTGAGAAAAATTATGAGATGTTGATGGCAGA	0
Rand30_10_17	ATAGTCATGCCCGCGCCACGTTCCAAACCG	ACTGAGCACGATAGTCATGCCCGCGCCACGTTCCAAACCGTGATGGCAGA	0
Rand30_10_18	GTTTTCTTACCTCATGTCCTCTTCAGAGTG	ACTGAGCACGGTTTTCTTACCTCATGTCCTCTTCAGAGTGTGATGGCAGA	-1.5
Rand30_10_19	TATTCGAGCAGGCGAGGGGGGTACAATAAG	ACTGAGCACGTATTCGAGCAGGCGAGGGGGGTACAATAAGTGATGGCAGA	-1.4
Rand30_10_20	ATACCTAACGGAATCCAAGGAGCACAGTAC	ACTGAGCACGATACCTAACGGAATCCAAGGAGCACAGTACTGATGGCAGA	-1.4
Hairpins30_1	TTATCTCCCCCAGGCGCCTGGGGGAGATAA	ACTGAGCACGTTATCTCCCCCAGGCGCCTGGGGGAGATAATGATGGCAGA	-23.1
Hairpins30_2	ATTATCCCGCCCCTTAAGGGGCGGGATAAT	ACTGAGCACGATTATCCCGCCCCTTAAGGGGCGGGATAATTGATGGCAGA	-24
Hairpins30_3	ACGACAGGAATGCACGTGCATTCCTGTCGT	ACTGAGCACGACGACAGGAATGCACGTGCATTCCTGTCGTTGATGGCAGA	-22
Hairpins30_4	AGCACAAAAGCGAATATTCGCTTTTGTGCT	ACTGAGCACGAGCACAAAAGCGAATATTCGCTTTTGTGCTTGATGGCAGA	-19.3
Hairpins30_5	GTACCTTTGTTAGCCGGCTAACAAAGGTAC	ACTGAGCACGGTACCTTTGTTAGCCGGCTAACAAAGGTACTGATGGCAGA	-17
Hairpins30_6	GGGGTCGCCCGCGTGCACGCGGGCGACCCC	ACTGAGCACGGGGGTCGCCCGCGTGCACGCGGGCGACCCCTGATGGCAGA	-30.6
Hairpins30_7	ATTGTTTCTAGCAAATTTGCTAGAAACAAT	ACTGAGCACGATTGTTTCTAGCAAATTTGCTAGAAACAATTGATGGCAGA	-15.9
Hairpins30_8	AGCTTTAAGAATTAATTAATTCTTAAAGCT	ACTGAGCACGAGCTTTAAGAATTAATTAATTCTTAAAGCTTGATGGCAGA	-13.2
Hairpins30_9	TAATCATGAGCACATATGTGCTCATGATTA	ACTGAGCACGTAATCATGAGCACATATGTGCTCATGATTATGATGGCAGA	-18.6
Hairpins30_10	ACTTGCTCACGAGAGCTCTCGTGAGCAAGT	ACTGAGCACGACTTGCTCACGAGAGCTCTCGTGAGCAAGTTGATGGCAGA	-21.8
Hairpins30_11	TTCGTAGGTGTGCGCGCGCACACCTACGAA	ACTGAGCACGTTCGTAGGTGTGCGCGCGCACACCTACGAATGATGGCAGA	-22.1
Hairpins30_12	CTTACACAGCACGAATTCGTGCTGTGTAAG	ACTGAGCACGCTTACACAGCACGAATTCGTGCTGTGTAAGTGATGGCAGA	-21
Hairpins30_13	CAGTGTTGGCGGTTCGAACCGCCAACACTG	ACTGAGCACGCAGTGTTGGCGGTTCGAACCGCCAACACTGTGATGGCAGA	-22.9
Hairpins30_14	CTTAGAGATTAGCTGCAGCTAATCTCTAAG	ACTGAGCACGCTTAGAGATTAGCTGCAGCTAATCTCTAAGTGATGGCAGA	-17.5
Hairpins30_15	ACTATGGCCTGCATCGATGCAGGCCATAGT	ACTGAGCACGACTATGGCCTGCATCGATGCAGGCCATAGTTGATGGCAGA	-22.5
Hairpins30_16	TTTAGAATATCCACATGTGGATATTCTAAA	ACTGAGCACGTTTAGAATATCCACATGTGGATATTCTAAATGATGGCAGA	-13.9
Hairpins30_17	GTCCCCGACGCCTGATCAGGCGTCGGGGAC	ACTGAGCACGGTCCCCGACGCCTGATCAGGCGTCGGGGACTGATGGCAGA	-27.4
Hairpins30_18	ATAGCCGCCAATCGTACGATTGGCGGCTAT	ACTGAGCACGATAGCCGCCAATCGTACGATTGGCGGCTATTGATGGCAGA	-22.2
Hairpins30_19	TGGACGTTGACTTAGCTAAGTCAACGTCCA	ACTGAGCACGTGGACGTTGACTTAGCTAAGTCAACGTCCATGATGGCAGA	-19.4
Hairpins30_20	ACGTTCGATTTCCGATCGGAAATCGAACGT	ACTGAGCACGACGTTCGATTTCCGATCGGAAATCGAACGTTGATGGCAGA	-18.9
Hairpins30_21	TAGGACGGTATAATGCATTATACCGTCCTA	ACTGAGCACGTAGGACGGTATAATGCATTATACCGTCCTATGATGGCAGA	-17.8
Hairpins30_22	GCTAGACAGAGCTATATAGCTCTGTCTAGC	ACTGAGCACGGCTAGACAGAGCTATATAGCTCTGTCTAGCTGATGGCAGA	-22.4
Hairpins30_23	CTGTCGTGACATTTGCAAATGTCACGACAG	ACTGAGCACGCTGTCGTGACATTTGCAAATGTCACGACAGTGATGGCAGA	-18.8
Hairpins30_24	GATTTATGTTACACATGTGTAACATAAATC	ACTGAGCACGGATTTATGTTACACATGTGTAACATAAATCTGATGGCAGA	-13
Hairpins30_25	GTGATTCCATAGCCATGGCTATGGAATCAC	ACTGAGCACGGTGATTCCATAGCCATGGCTATGGAATCACTGATGGCAGA	-19.8
Hairpins30_26	CGACATCGATCCACATGTGGATCGATGTCG	ACTGAGCACGCGACATCGATCCACATGTGGATCGATGTCGTGATGGCAGA	-20.8
Hairpins30_27	GTACCGCTTTGCCCTAGGGCAAAGCGGTAC	ACTGAGCACGGTACCGCTTTGCCCTAGGGCAAAGCGGTACTGATGGCAGA	-23.8
Hairpins30_28	GGGCTTGAGTTTAACGTTAAACTCAAGCCC	ACTGAGCACGGGGCTTGAGTTTAACGTTAAACTCAAGCCCTGATGGCAGA	-19.8
Hairpins30_29	CCGAGAATCTCAGTCGACTGAGATTCTCGG	ACTGAGCACGCCGAGAATCTCAGTCGACTGAGATTCTCGGTGATGGCAGA	-21.2
Hairpins30_30	TAGTCTATGCATAAATTTATGCATAGACTA	ACTGAGCACGTAGTCTATGCATAAATTTATGCATAGACTATGATGGCAGA	-16.9
WT	TCTGCCATCACGTGCTCAGT	ACTGAGCACGTGATGGCAGA	NA
