target,PBS,HA,spacer
CLYBL,GTGCAGACTGTCA,CTAAGGACCTGTGTCTCCAGTAGGAGAGTCTGGG,ggtggtgcagactgtcacta
EMX1,CCGAGCAGAAGAA,GAAGGGCTCCCATCACATCAACCGGTGGCGCATT,gagtccgagcagaagaagaa
FANCF,TCCCTTCTGCAGC,ACCTGGATCGCTTTTCCGAGCTTCTGGCGGTCTC,ggaatcccttctgcagcacc
HEK3,CAGACTGAGCACG,TGATGGCAGAGGAAAGGAAGCCCTGCTTCCTCCA,GGCCCAGACTGAGCACGTGA
HEK3-S1,CAGACTGAGCACG,TGATGGCAGAGGAAA,GGCCCAGACTGAGCACGTGA
HEK3-S2,AAGCTCCATCACT,TTCTGGCCTCAGTTT,GGGCAAGCTCCATCACTTTC
HEK3-S3,AAGTTGCTAGGAT,GAAAGGACATAACAA,GGAGAAGTTGCTAGGATGAA
HEK3-S4,AGTCAGAGGGACC,CTTTGGGGTTTTCCA,GCTGAGTCAGAGGGACCCTT
HEK3-S5,TGCCATGCCAGCT,AAGTGGCTTTGGAGT,GCATTGCCATGCCAGCTAAG
HEK3-S6,TCAAATCCTCGCA,TTTGGGCAGGAGATG,GCTCTCAAATCCTCGCATTT
LMNB1,TCTCCGCCGCCCG,CCATG-GCGACTGCGACCCCCGTGCCGCCGCGGAT,GCTGTCTCCGCCGCCCGCCA
LMNB1-rc,GGGGTCGCAGTCG,C-CATGGCGGGCGGCGGAGACAGCGGGGCGGCGAG,GACGGGGGTCGCAGTCGCCA
ACTB,TTCTCGCAGCTCA,CCATG-GATGATGATATCGCCGCGCTCGTCGTCGA,GCTATTCTCGCAGCTCACCA
ACTB-rc,GCGATATCATCAT,C-CATGGTGAGCTGCGAGAATAGCCGGGCGCGCTG,GGCGGCGATATCATCATCCA
NOLC1,ATTGCCTGGAGGA,TG-GCGGACGCCGGCATTCGCCGCGTGGTTCCCAG,GCGTATTGCCTGGAGGATGG
TP53,CGGGTCACTGCCA,TG-GAGGAGCCGCAGTCAGATCCTAGCGTCGAGCC,GTTCCGGGTCACTGCCATGG
TP53-rc,GACTGCGGCTCCT,C-CATGGCAGTGACCCGGAAGGCAGTCTGGCTGCT,GTCTGACTGCGGCTCCTCCA
RNF1,TCTTAGTCATTAC,CTGAGGTGTTCGTTGTAACTCATATAAACTGAGT,GTCATCTTAGTCATTACCTG
